adv_total_loss_epoch,adv_total_loss_step,epoch,epoch_loss,step,step_loss_epoch,step_loss_step,task_w_ad_epoch,task_w_ad_step,task_w_failure_epoch,task_w_failure_step,task_w_impact_epoch,task_w_impact_step,task_w_parse_epoch,task_w_parse_step,task_w_rca_epoch,task_w_rca_step,task_w_remediation_epoch,task_w_remediation_step,run_version
,1.4848432540893557,,,0,,,,0.1739856302738189,,0.190344363451004,,0.2228847295045852,,0.1226198077201843,,0.0840562134981155,,0.2061092406511306,v1
,1.4636433124542236,,,1,,,,0.1729072332382202,,0.1906769275665283,,0.2212828695774078,,0.1237112954258918,,0.0851257145404815,,0.2062959820032119,v1
,1.484200954437256,,,2,,,,0.1744557917118072,,0.1911289393901825,,0.2220490425825119,,0.1224346905946731,,0.0841824114322662,,0.2057491093873977,v1
,1.485592246055603,,,3,,,,0.1730121374130249,,0.1900030672550201,,0.223183661699295,,0.123657688498497,,0.0839671492576599,,0.2061763256788253,v1
,1.4801663160324097,,,4,,,,0.1725582331418991,,0.1907429993152618,,0.223045527935028,,0.1233779489994049,,0.0839296728372573,,0.2063455730676651,v1
,1.4798991680145264,,,5,,,,0.1735952794551849,,0.1907475888729095,,0.222448781132698,,0.1228827238082885,,0.0852008834481239,,0.2051247209310531,v1
,1.4645540714263916,,,6,,,,0.1729319393634796,,0.1911853551864624,,0.2209712117910385,,0.1239719092845916,,0.0846521705389022,,0.2062873989343643,v1
,1.4817825555801392,,,7,,,,0.1733138561248779,,0.1906132698059082,,0.2233415246009826,,0.1219430118799209,,0.0845921784639358,,0.2061961591243744,v1
,1.492411494255066,,,8,,,,0.1728785932064056,,0.189878910779953,,0.2225382179021835,,0.1234602779150009,,0.084482803940773,,0.2067611515522003,v1
,1.4724746942520142,,,9,,,,0.174420416355133,,0.1907307505607605,,0.2219349443912506,,0.1229806840419769,,0.0843210741877555,,0.2056121379137039,v1
,1.4970383644104004,,,10,,,,0.1736185103654861,,0.1893993616104126,,0.2244178205728531,,0.1223747953772544,,0.0840590298175811,,0.2061304450035095,v1
,1.4797031879425049,,,11,,,,0.1735982000827789,,0.1910558938980102,,0.2220808714628219,,0.1227507516741752,,0.0848041325807571,,0.2057101428508758,v1
,1.4876645803451538,,,12,,,,0.1730777472257614,,0.1914002597332,,0.2224786132574081,,0.1229049190878868,,0.0833110064268112,,0.2068274319171905,v1
,1.4618349075317385,,,13,,,,0.1735270917415619,,0.1902877390384674,,0.2224902808666229,,0.1232682466506958,,0.0844155326485633,,0.2060110867023468,v1
,1.4717696905136108,,,14,,,,0.1734588295221328,,0.1914593130350113,,0.2216194570064544,,0.1236438751220703,,0.0841074883937835,,0.2057110369205474,v1
,1.4977916479110718,,,15,,,,0.173716202378273,,0.190677985548973,,0.2238740622997284,,0.1229659393429756,,0.0828168988227844,,0.2059488892555236,v1
,1.4911350011825562,,,16,,,,0.1742807328701019,,0.1899496167898178,,0.2242928594350814,,0.1216922476887703,,0.0837585628032684,,0.2060259580612182,v1
1.480971097946167,,0.0,1.480970859527588,5,,,0.1734903901815414,,0.1906048208475113,,0.2226432263851165,,0.1229788661003112,,0.0842225253582,,0.2060601562261581,,v1
1.6379656791687012,,0.0,,5,1.6379656791687012,,0.1991629153490066,,0.1915447115898132,,0.1751779317855835,,0.1415725201368332,,0.1032904163002967,,0.189251497387886,,v1
,0.9933598637580872,,,17,,,,0.1055345833301544,,0.1489183157682418,,0.4237865805625915,,0.0733437985181808,,0.0474015548825264,,0.2010151594877243,v1
,0.9775565266609192,,,18,,,,0.1056692600250244,,0.1499167829751968,,0.4205926954746246,,0.0744652450084686,,0.0476370900869369,,0.2017189860343933,v1
,1.0026990175247192,,,19,,,,0.1060571074485778,,0.1469266414642334,,0.4301827549934387,,0.0719406008720398,,0.047259472310543,,0.1976334750652313,v1
,0.9916880130767822,,,20,,,,0.10538350045681,,0.148831307888031,,0.4247664213180542,,0.0736239627003669,,0.0469947084784507,,0.200400099158287,v1
,0.9809631109237672,,,21,,,,0.1045282185077667,,0.1496735662221908,,0.423074722290039,,0.0737559348344802,,0.0472564697265625,,0.2017111033201217,v1
,0.9850775003433228,,,22,,,,0.1057971566915512,,0.1497474014759063,,0.4240683019161224,,0.0732665210962295,,0.0475692749023437,,0.199551373720169,v1
,0.9833969473838806,,,23,,,,0.106193758547306,,0.1490512639284134,,0.4238691031932831,,0.0731479823589325,,0.0478371158242225,,0.1999007761478424,v1
,0.9777889847755432,,,24,,,,0.105209082365036,,0.1510363817214965,,0.4202412664890289,,0.0745676904916763,,0.0476980581879615,,0.2012475281953811,v1
,0.9771071076393129,,,25,,,,0.1046157032251358,,0.1491930484771728,,0.4217073917388916,,0.0746082812547683,,0.0476869940757751,,0.2021885514259338,v1
,0.9794400334358216,,,26,,,,0.1056775152683258,,0.151226207613945,,0.4163353443145752,,0.074600800871849,,0.0475620254874229,,0.2045980840921402,v1
,0.9824661016464232,,,27,,,,0.1068201512098312,,0.150756686925888,,0.4192833304405212,,0.074118360877037,,0.0482942350208759,,0.2007272243499755,v1
,0.9774668216705322,,,28,,,,0.1051924377679824,,0.1510334312915802,,0.4197491407394409,,0.0746483355760574,,0.0474980175495147,,0.2018785923719406,v1
,0.973450779914856,,,29,,,,0.1058762744069099,,0.1499513089656829,,0.4199996590614319,,0.0738855302333831,,0.0480196624994277,,0.2022675573825836,v1
,0.9733618497848512,,,30,,,,0.1064451187849044,,0.1520481705665588,,0.4161393642425537,,0.0749233663082122,,0.0485665723681449,,0.2018774002790451,v1
,0.9980570077896118,,,31,,,,0.1052001863718032,,0.1493863761425018,,0.4257468581199646,,0.0731483250856399,,0.0466314405202865,,0.1998868286609649,v1
,0.9863287806510924,,,32,,,,0.1067081019282341,,0.1507879048585891,,0.4188881814479828,,0.0744803100824356,,0.0486087873578071,,0.2005267590284347,v1
,0.98262757062912,,,33,,,,0.1058665588498115,,0.1503900736570358,,0.421264111995697,,0.0744781196117401,,0.047588363289833,,0.200412780046463,v1
0.983696222305298,,1.0,0.983696222305298,11,,,0.1056926250457763,,0.1499338150024414,,0.4217467904090881,,0.0739413723349571,,0.0476535223424434,,0.201031893491745,,v1
1.2500386238098145,,1.0,,11,1.2500386238098145,,0.1437470316886901,,0.1766641736030578,,0.3021316230297088,,0.0992136523127555,,0.065852515399456,,0.2123910337686538,,v1
,0.5510803461074829,,,34,,,,0.0560919865965843,,0.0745986104011535,,0.6971416473388672,,0.0351547859609127,,0.0269197188317775,,0.1100932508707046,v1
,0.5604303479194641,,,35,,,,0.0574250966310501,,0.0794737190008163,,0.6836028099060059,,0.0373653918504715,,0.0283755809068679,,0.1137574017047882,v1
,0.5544607043266296,,,36,,,,0.0566551461815834,,0.0768688470125198,,0.6908899545669556,,0.0362313017249107,,0.0273941606283187,,0.1119606494903564,v1
,0.557580292224884,,,37,,,,0.0568895563483238,,0.0766424536705017,,0.692230761051178,,0.0356909781694412,,0.0275659579783678,,0.1109803318977356,v1
,0.555965781211853,,,38,,,,0.057079792022705,,0.0769390165805816,,0.6894983053207397,,0.0361737869679927,,0.0278443992137908,,0.1124646365642547,v1
,0.5481052994728088,,,39,,,,0.0568580217659473,,0.077494241297245,,0.689181923866272,,0.0364992916584014,,0.0277586225420236,,0.1122078821063041,v1
,0.5545470714569092,,,40,,,,0.0560938790440559,,0.0769165977835655,,0.6920586824417114,,0.0358140245079994,,0.0271360017359256,,0.1119808256626129,v1
,0.547055721282959,,,41,,,,0.0574608221650123,,0.0777823850512504,,0.6875613927841187,,0.0369013585150241,,0.0277441479265689,,0.1125498637557029,v1
,0.5486159324645996,,,42,,,,0.0570851042866706,,0.0779307931661605,,0.6863150000572205,,0.0370632037520408,,0.0280083436518907,,0.1135975569486618,v1
,0.557047963142395,,,43,,,,0.0571556165814399,,0.0776275992393493,,0.6878877878189087,,0.0364647433161735,,0.0281718447804451,,0.1126924231648445,v1
,0.5448432564735413,,,44,,,,0.057597741484642,,0.0804645121097564,,0.6824638843536377,,0.037368893623352,,0.0280485302209854,,0.1140564084053039,v1
,0.5622245073318481,,,45,,,,0.0555456951260566,,0.0751235634088516,,0.6974958181381226,,0.0353683196008205,,0.0269013158977031,,0.109565258026123,v1
,0.5518033504486084,,,46,,,,0.0570655278861522,,0.0761968791484832,,0.6916909217834473,,0.0363376885652542,,0.0279428195208311,,0.1107661426067352,v1
,0.5507633090019226,,,47,,,,0.0565227083861827,,0.0778272524476051,,0.6888582110404968,,0.03651574999094,,0.0275183152407407,,0.1127577498555183,v1
,0.5394691824913025,,,48,,,,0.0566743463277816,,0.0770267844200134,,0.6905001401901245,,0.0358466580510139,,0.0274746567010879,,0.1124774441123008,v1
,0.5481178164482117,,,49,,,,0.0555452927947044,,0.0742636173963546,,0.6990493535995483,,0.0347815975546836,,0.0273455493152141,,0.1090146228671073,v1
,0.550213098526001,,,50,,,,0.0577357709407806,,0.0810166373848915,,0.680465817451477,,0.0378348752856254,,0.0286787673830986,,0.1142680868506431,v1
0.5519013404846191,,2.0,0.5519014000892639,17,,,0.056793063879013,,0.0773054957389831,,0.6898170709609985,,0.0363183915615081,,0.0276958029717206,,0.1120700314640998,,v1
0.7674640417098999,,2.0,,17,0.7674640417098999,,0.0821412578225135,,0.1177224367856979,,0.5408928394317627,,0.0556124411523342,,0.0366347655653953,,0.1669963300228119,,v1
,0.2802558541297912,,,51,,,,0.0202195327728986,,0.0224318951368331,,0.8912703990936279,,0.0115976259112358,,0.0109167899936437,,0.0435638278722763,v1
,0.2866604030132293,,,52,,,,0.020224655047059,,0.0227899923920631,,0.8904523253440857,,0.0118517540395259,,0.0110072344541549,,0.0436740033328533,v1
,0.2762974500656128,,,53,,,,0.0202255677431821,,0.0224089063704013,,0.8913180828094482,,0.011609423905611,,0.0110050048679113,,0.0434330552816391,v1
,0.2945908308029175,,,54,,,,0.0203718952834606,,0.0229198187589645,,0.8900381326675415,,0.0118290875107049,,0.0110629796981811,,0.0437781140208244,v1
,0.2841456830501556,,,55,,,,0.0208906885236501,,0.0235712528228759,,0.8871821165084839,,0.0121423136442899,,0.0112678632140159,,0.0449457392096519,v1
,0.281938374042511,,,56,,,,0.0207011867314577,,0.0233818236738443,,0.8880621194839478,,0.0120253674685955,,0.0112515334039926,,0.0445779636502265,v1
,0.2779954969882965,,,57,,,,0.0217323508113622,,0.0251541212201118,,0.8819609880447388,,0.0129900844767689,,0.0118742147460579,,0.0462882593274116,v1
,0.2874733507633209,,,58,,,,0.0207300782203674,,0.0230540782213211,,0.8889224529266357,,0.0119750509038567,,0.0112309511750936,,0.0440873615443706,v1
,0.2915888726711273,,,59,,,,0.020869817584753,,0.023122290149331,,0.8889285326004028,,0.0120171904563903,,0.0111861573532223,,0.0438760221004486,v1
,0.2830644249916076,,,60,,,,0.0193872656673192,,0.0213555861264467,,0.8959835767745972,,0.0111128725111484,,0.0104355011135339,,0.0417252108454704,v1
,0.2842313647270202,,,61,,,,0.0204518996179103,,0.0228567719459533,,0.8897176384925842,,0.011838954873383,,0.0111068496480584,,0.0440278649330139,v1
,0.2788643836975097,,,62,,,,0.0202270485460758,,0.021936222910881,,0.8924362659454346,,0.0114892357960343,,0.0109827928245067,,0.042928397655487,v1
,0.2868846654891968,,,63,,,,0.0205538980662822,,0.0225544348359107,,0.8907054662704468,,0.0117490142583847,,0.0110088717192411,,0.0434283129870891,v1
,0.2788192331790924,,,64,,,,0.0201865769922733,,0.0224121659994125,,0.8913606405258179,,0.0115962196141481,,0.0108937732875347,,0.0435506105422973,v1
,0.2808428406715393,,,65,,,,0.0201583094894886,,0.0224825274199247,,0.8917044401168823,,0.0116580845788121,,0.0109187997877597,,0.0430777743458747,v1
,0.2891846001148224,,,66,,,,0.0195569656789302,,0.0218069441616535,,0.8944041728973389,,0.0112428795546293,,0.010507671162486,,0.0424814075231552,v1
,0.2861295342445373,,,67,,,,0.0205322094261646,,0.0230011139065027,,0.8893315196037292,,0.0118647050112485,,0.0111730005592107,,0.0440974906086921,v1
0.2840569019317627,,3.0,0.2840569019317627,23,,,0.0204129386693239,,0.0227788221091032,,0.8902222514152527,,0.0117994043976068,,0.0110488226637244,,0.0437377281486988,,v1
0.4049306809902191,,3.0,,23,0.4049306809902191,,0.0392328314483165,,0.0493982546031475,,0.7901604175567627,,0.0236636940389871,,0.0197629034519195,,0.0777818411588668,,v1
,0.1727702319622039,,,68,,,,0.0062295142561197,,0.0055091641843318,,0.9673725366592408,,0.0029759472236037,,0.0031098956242203,,0.0148029411211609,v1
,0.1691572815179824,,,69,,,,0.0060220090672373,,0.0055351834744215,,0.9676387310028076,,0.0029379178304225,,0.0030415677465498,,0.0148245971649885,v1
,0.1641958504915237,,,70,,,,0.0061840880662202,,0.0056582232937216,,0.9670304656028748,,0.0030175610445439,,0.0031483960337936,,0.0149612529203295,v1
,0.1703594923019409,,,71,,,,0.0061997030861675,,0.0057613509707152,,0.9666432738304138,,0.0030692787840962,,0.0031073060818016,,0.0152190001681447,v1
,0.1689361333847046,,,72,,,,0.0062119825743138,,0.0057657975703477,,0.966601014137268,,0.0030629518441855,,0.0032446968834847,,0.0151136219501495,v1
,0.1643626391887664,,,73,,,,0.006341996602714,,0.005817883182317,,0.9660780429840088,,0.0030950596556067,,0.0032352893613278,,0.0154317105188965,v1
,0.1633257120847702,,,74,,,,0.0064188297837972,,0.0057697757147252,,0.9661502838134766,,0.0031038946472108,,0.0032403348013758,,0.0153169045224785,v1
,0.1725803762674331,,,75,,,,0.0062185195274651,,0.0057076634839177,,0.9668087363243104,,0.0030587641522288,,0.003160651307553,,0.0150456577539443,v1
,0.16568323969841,,,76,,,,0.0062615624628961,,0.0056435796432197,,0.966882824897766,,0.0030575841665267,,0.0030905525200068,,0.0150638902559876,v1
,0.1727641969919204,,,77,,,,0.0061111459508538,,0.0054621458984911,,0.9677783250808716,,0.0029453209135681,,0.0030722769442945,,0.0146308448165655,v1
,0.1709992438554763,,,78,,,,0.0063290623947978,,0.0058418847620487,,0.966318428516388,,0.0031192675232887,,0.0031637817155569,,0.0152275497093796,v1
,0.165391057729721,,,79,,,,0.0062232566997408,,0.0056726215407252,,0.9667259454727172,,0.0030406222213059,,0.0031473087146878,,0.015190202742815,v1
,0.1734708696603775,,,80,,,,0.0061247455887496,,0.0055247982963919,,0.9672914743423462,,0.0029406500980257,,0.0031024003401398,,0.015015953220427,v1
,0.1718458533287048,,,81,,,,0.006304922979325,,0.0058133606798946,,0.9666511416435242,,0.0031187939457595,,0.0031556603498756,,0.0149561269208788,v1
,0.1706679761409759,,,82,,,,0.0067504262551665,,0.0062021352350711,,0.9645527005195618,,0.0033778524957597,,0.0033665369264781,,0.0157503373920917,v1
,0.1680917888879776,,,83,,,,0.0062836157158017,,0.0057228840887546,,0.966801643371582,,0.0030531687662005,,0.0031510363332927,,0.0149876167997717,v1
,0.1678612381219864,,,84,,,,0.0065405219793319,,0.0059747146442532,,0.9655320644378662,,0.0032468028366565,,0.0032670316286385,,0.0154388546943664,v1
0.1689684242010116,,4.0,0.1689684242010116,29,,,0.0062797581776976,,0.005728421267122,,0.966638684272766,,0.0030718494672328,,0.0031649835873395,,0.0151162985712289,,v1
0.2058064937591552,,4.0,,29,0.2058064937591552,,0.0126677760854363,,0.0129065969958901,,0.9325165748596193,,0.0069176480174064,,0.006735201459378,,0.0282562691718339,,v1
,0.129223495721817,,,85,,,,0.0024227853864431,,0.0019511773716658,,0.9874430894851683,,0.0009874324314296,,0.0011973311193287,,0.0059982258826494,v1
,0.1260565817356109,,,86,,,,0.002537309192121,,0.0020356404129415,,0.986919641494751,,0.0010363135952502,,0.0012687674025073,,0.0062023629434406,v1
,0.1256574094295501,,,87,,,,0.0026649562641978,,0.0021811411716043,,0.9861987233161926,,0.0011179093271493,,0.0013262154534459,,0.0065110698342323,v1
,0.1314914375543594,,,88,,,,0.0026563638821244,,0.0021286723203957,,0.9865115880966188,,0.0011057019000872,,0.0013047207612544,,0.0062929796986281,v1
,0.1424364149570465,,,89,,,,0.0025881968904286,,0.0020727619994431,,0.9866749048233032,,0.001062166178599,,0.0012950934469699,,0.0063069388270378,v1
,0.1266815662384033,,,90,,,,0.002851785859093,,0.00247373431921,,0.9850536584854126,,0.0012426539324223,,0.0015070401132106,,0.0068711363710463,v1
,0.1293625384569168,,,91,,,,0.0025479202158749,,0.0020547164604067,,0.9868825674057008,,0.00105861434713,,0.0012546082725748,,0.0062015829607844,v1
,0.1421500742435455,,,92,,,,0.0025693967472761,,0.0020843993406742,,0.9868270754814148,,0.0010793798137456,,0.0012674443423748,,0.0061723119579255,v1
,0.1297216415405273,,,93,,,,0.0027667835820466,,0.0022346675395965,,0.9860424995422364,,0.0011577572440728,,0.0013485134113579,,0.0064498386345803,v1
,0.1355798840522766,,,94,,,,0.0024542878381907,,0.0019796807318925,,0.9873517155647278,,0.0010188671294599,,0.0012040466535836,,0.0059913932345807,v1
,0.1325213313102722,,,95,,,,0.0027320459485054,,0.0021916541736572,,0.9860445261001588,,0.0011385576799511,,0.001365099218674,,0.0065281051211059,v1
,0.1281651258468628,,,96,,,,0.00245874049142,,0.0020158356055617,,0.9872226119041444,,0.0010184294078499,,0.0012147375382483,,0.0060696476139128,v1
,0.1313961893320083,,,97,,,,0.0027564237825572,,0.0022014905698597,,0.9862053394317628,,0.0011574523523449,,0.0013401160249486,,0.0063390908762812,v1
,0.131838783621788,,,98,,,,0.0024170172400772,,0.0019317568512633,,0.9874719977378844,,0.000974150840193,,0.0012046857737004,,0.006000411696732,v1
,0.1329536139965057,,,99,,,,0.0025975580792874,,0.0021460414864122,,0.986528217792511,,0.0010915035381913,,0.0012723396066576,,0.0063643692992627,v1
,0.1263995021581649,,,100,,,,0.0026732264086604,,0.0021573309786617,,0.9862047433853148,,0.0011035536881536,,0.0013535835314542,,0.0065075634047389,v1
,0.129834234714508,,,101,,,,0.0026099644601345,,0.0021104854531586,,0.9867932200431824,,0.0011018916266039,,0.0012645344249904,,0.0061199194751679,v1
0.1312629282474517,,5.0,0.1312629282474517,35,,,0.0026061628013849,,0.0021147755905985,,0.9866102933883668,,0.0010854314314201,,0.0012934632832184,,0.0062898201867938,,v1
0.1296434104442596,,5.0,,35,0.1296434104442596,,0.0042968718335032,,0.0037198548670858,,0.9774500727653505,,0.0019680487457662,,0.0021619820035994,,0.0104032112285494,,v1
,0.1107117831707,,,102,,,,0.001315941568464,,0.0009685349650681,,0.9934667944908142,,0.0004895786987617,,0.0006685005500912,,0.0030906209722161,v1
,0.1067964360117912,,,103,,,,0.0015041007427498,,0.0012467736378312,,0.9922031164169312,,0.0006095989374443,,0.0008731090347282,,0.003563234116882,v1
,0.1068707779049873,,,104,,,,0.0013528572162613,,0.0010135486954823,,0.9933202266693116,,0.0005030872416682,,0.0006787774618715,,0.0031315549276769,v1
,0.1021808981895446,,,105,,,,0.0013794829137623,,0.0010557931382209,,0.9931317567825316,,0.0005256979493424,,0.0006774642388336,,0.0032297405414283,v1
,0.1084752455353736,,,106,,,,0.0013514084275811,,0.0009986617369577,,0.9934012293815612,,0.0004965377156622,,0.0006635306635871,,0.0030886137392371,v1
,0.1033189222216606,,,107,,,,0.0012938091531395,,0.0009556986624374,,0.9936413168907166,,0.0004725557810161,,0.0006287552532739,,0.0030078671406954,v1
,0.1047064438462257,,,108,,,,0.0013234547805041,,0.0009703878313302,,0.993514358997345,,0.0004750347579829,,0.0006541079492308,,0.0030626226216554,v1
,0.1053746789693832,,,109,,,,0.0015623064246028,,0.0012183433864265,,0.9922687411308287,,0.0006289042066782,,0.0007911181892268,,0.0035306117497384,v1
,0.1075364127755165,,,110,,,,0.0014591903891414,,0.0010825924109667,,0.992899775505066,,0.0005380420479923,,0.0007205003057606,,0.0032999389804899,v1
,0.1084009632468223,,,111,,,,0.0014327471144497,,0.0011144082527607,,0.9928969144821168,,0.0005499746184796,,0.0007338616997003,,0.0032721171155571,v1
,0.0997569113969802,,,112,,,,0.0013209914322942,,0.0009725277195684,,0.9934547543525696,,0.0004812643164768,,0.0006698272190988,,0.0031006294302642,v1
,0.1068426519632339,,,113,,,,0.0013171774335205,,0.0009887919295579,,0.9934542179107666,,0.0004914831952191,,0.0006613650475628,,0.003086956217885,v1
,0.1128284037113189,,,114,,,,0.0014204538892954,,0.0010693535441532,,0.9930274486541748,,0.0005518578691408,,0.0007039633346721,,0.0032269861549139,v1
,0.109319731593132,,,115,,,,0.0013308958150446,,0.000997289083898,,0.9934224486351012,,0.0004985763807781,,0.0006780856056138,,0.0030726152472198,v1
,0.1117535084486007,,,116,,,,0.0013525853864848,,0.0010227506281808,,0.9933369159698486,,0.000505527423229,,0.0006865881150588,,0.0030956512782722,v1
,0.1085629090666771,,,117,,,,0.0012545024510473,,0.0009286109125241,,0.993758738040924,,0.0004554587649181,,0.0006123287603259,,0.0029902942478656,v1
,0.1043723821640014,,,118,,,,0.0014301207847893,,0.0010756084229797,,0.9929766058921814,,0.0005505587905645,,0.0007063924567773,,0.0032606532331556,v1
0.1069299504160881,,6.0,0.1069299429655075,41,,,0.0013765897601842,,0.0010399809107184,,0.9931868314743042,,0.0005190434167161,,0.0006946044741198,,0.0031829830259084,,v1
0.0965258851647377,,6.0,,41,0.0965258851647377,,0.0020480791572481,,0.0016047565732151,,0.9896148443222046,,0.0008194282418116,,0.0010558555368334,,0.00485703907907,,v1
,0.0845882073044776,,,119,,,,0.0009557326557114,,0.0007369064260274,,0.9956114292144777,,0.0003650893340818,,0.0003954266721848,,0.0019353902898728,v1
,0.0867059007287025,,,120,,,,0.0008924906142055,,0.0006854087114334,,0.9957460165023804,,0.0003363453433848,,0.0004283783782739,,0.0019113697344437,v1
,0.0857770517468452,,,121,,,,0.0007285317988134,,0.000551079516299,,0.9964756965637208,,0.0002595469995867,,0.0003321101539768,,0.0016530491411685,v1
,0.0851793065667152,,,122,,,,0.0008215887937694,,0.0006034484831616,,0.9961003065109252,,0.0003014866379089,,0.0003679084475152,,0.0018052801024168,v1
,0.0857339575886726,,,123,,,,0.0009591811103746,,0.0008127506589516,,0.9952163696289062,,0.0003852306690532,,0.0005273059941828,,0.0020991181954741,v1
,0.0891006141901016,,,124,,,,0.000724253244698,,0.0005243338528089,,0.9965029954910278,,0.0002601708692964,,0.0003362194984219,,0.001652016188018,v1
,0.0839133039116859,,,125,,,,0.0007701760623604,,0.0005713392747566,,0.9963753819465636,,0.0002759326598607,,0.0003395886742509,,0.001667546457611,v1
,0.0833930820226669,,,126,,,,0.0007940675131976,,0.0006040190346539,,0.9961588382720948,,0.0002960092388093,,0.0003814206575043,,0.0017656160052865,v1
,0.0845757573843002,,,127,,,,0.0007614289643242,,0.000569301424548,,0.9963615536689758,,0.0002773856977,,0.000347374822013,,0.0016829640371724,v1
,0.0842169001698494,,,128,,,,0.000779416412115,,0.0005672761471942,,0.996286690235138,,0.0002881880500353,,0.0003680647350847,,0.0017103664577007,v1
,0.0907419696450233,,,129,,,,0.0007790166418999,,0.0005894492496736,,0.9962605834007264,,0.0002845278067979,,0.0003750948817469,,0.0017113905632868,v1
,0.0868121236562728,,,130,,,,0.0008045791182667,,0.0006017193081788,,0.9961830973625184,,0.0002992539666593,,0.0003664834075607,,0.0017448536818847,v1
,0.0827134698629379,,,131,,,,0.0009003718150779,,0.000671031884849,,0.995773434638977,,0.0003354501677677,,0.0004090299480594,,0.0019107350381091,v1
,0.0870127752423286,,,132,,,,0.0009044893668033,,0.0007020221673883,,0.995759129524231,,0.0003470543888397,,0.0004047514812555,,0.0018825274892151,v1
,0.0856017544865608,,,133,,,,0.0007784664048813,,0.0005708059761673,,0.9962877035140992,,0.0002789623395074,,0.0003524628700688,,0.0017316980520263,v1
,0.0798670202493667,,,134,,,,0.0007847408414818,,0.0005812771851196,,0.996206521987915,,0.0002895315410569,,0.0003712154575623,,0.001766770845279,v1
,0.0864302143454551,,,135,,,,0.0007938943454064,,0.000592217198573,,0.9962278604507446,,0.0002874283236451,,0.0003609847626648,,0.0017376138130202,v1
0.0854331478476524,,7.0,0.0854331403970718,47,,,0.0008195544942282,,0.0006196697941049,,0.9960901737213136,,0.0003039761213585,,0.000380224752007,,0.0017863707616925,,v1
0.0714218616485595,,7.0,,47,0.0714218616485595,,0.0011423783143982,,0.0008495824295096,,0.994412899017334,,0.0004219504189677,,0.0005754966987296,,0.0025975480675697,,v1
,0.0572693198919296,8.0,,49,,0.0572693198919296,,0.0009112537954933,,0.0007294781971722,,0.9956269264221193,,0.0003506627108436,,0.0004429522668942,,0.0019387728534638,v1
,0.0716996192932128,,,136,,,,0.0004396002623252,,0.00032077007927,,0.997921586036682,,0.0001504593528807,,0.0001871799177024,,0.0009803604334592,v1
,0.076017178595066,,,137,,,,0.0004994277260266,,0.0003690915764309,,0.9977009296417236,,0.0001739692088449,,0.0002049582399195,,0.0010515585308894,v1
,0.0753052085638046,,,138,,,,0.0004702999722212,,0.0003431973163969,,0.9978161454200744,,0.0001602193224243,,0.0001876403111964,,0.0010224659927189,v1
,0.0710964500904083,,,139,,,,0.00044626602903,,0.0003381204151082,,0.9979159235954284,,0.000149921994307,,0.0001769182854332,,0.0009728979202918,v1
,0.0706878006458282,,,140,,,,0.0004573477781377,,0.0003646711993496,,0.9977285861968994,,0.0001630401675356,,0.0002230359095847,,0.0010632887715473,v1
,0.0719937831163406,,,141,,,,0.0004528450954239,,0.0003453503013588,,0.9978427886962892,,0.000155532019562,,0.0001923572417581,,0.0010111259762197,v1
,0.0751833394169807,,,142,,,,0.0004188165767118,,0.0003133072168566,,0.99799907207489,,0.000140962190926,,0.000172643631231,,0.0009552420233376,v1
,0.0742498114705085,,,143,,,,0.0004929379792883,,0.0003622386138886,,0.9977017641067504,,0.0001723953319014,,0.0002016706566791,,0.0010690160561352,v1
,0.0732212215662002,,,144,,,,0.0005309568368829,,0.0004085294203832,,0.997529149055481,,0.0001869760162662,,0.0002265069051645,,0.0011178306303918,v1
,0.0711663737893104,,,145,,,,0.0004239431873429,,0.0003181712818332,,0.9979869723320008,,0.0001401068875566,,0.0001803953782655,,0.0009503861656412,v1
,0.0702494531869888,,,146,,,,0.0004322807362768,,0.0003165138477925,,0.997966170310974,,0.000141483877087,,0.0001772265823092,,0.0009663567179813,v1
,0.0757123306393623,,,147,,,,0.0004735465336125,,0.0003609361010603,,0.9977886080741882,,0.0001624069554964,,0.0001946861884789,,0.0010198154486715,v1
,0.07803376019001,,,148,,,,0.0004463716177269,,0.0003440543077886,,0.9978514909744264,,0.0001584616547916,,0.000193692947505,,0.0010059280321002,v1
,0.0738461837172508,,,149,,,,0.0004324921173974,,0.0003291301836725,,0.9979186058044434,,0.0001466388348489,,0.0001846821396611,,0.0009885169565677,v1
,0.0743895918130874,,,150,,,,0.000389210646972,,0.0002880663378164,,0.9981377124786376,,0.0001297997660003,,0.0001661907299421,,0.0008890067110769,v1
,0.0747292637825012,,,151,,,,0.0004787476209457,,0.0003616230969782,,0.997782826423645,,0.0001692926743999,,0.000190442209714,,0.001017028465867,v1
,0.0730266347527504,,,152,,,,0.0004118106444366,,0.0002964772866107,,0.9980603456497192,,0.0001329137885477,,0.0001683956361375,,0.0009300120873376,v1
0.0735651776194572,,8.0,0.0735651776194572,53,,,0.0004527589189819,,0.0003400146379135,,0.997861623764038,,0.0001549753069411,,0.000189918995602,,0.0010006375377997,,v1
0.053664430975914,,8.0,,53,0.053664430975914,,0.0006836164975538,,0.0005106667522341,,0.9967477917671204,,0.0002448408631607,,0.0003122777852695,,0.0015009741764515,,v1
,0.0625852718949318,,,153,,,,0.0002694721042644,,0.0001902878284454,,0.998728334903717,,8.095988596323878e-05,,0.0001114132755901,,0.0006194923189468,v1
,0.0632385909557342,,,154,,,,0.0003456596168689,,0.0002584849135018,,0.9983619451522828,,0.0001165497451438,,0.0001566338614793,,0.0007606677245348,v1
,0.0664591118693351,,,155,,,,0.0003204099484719,,0.0002349491405766,,0.9984647035598756,,0.0001047621772158,,0.0001472761214245,,0.0007278703269548,v1
,0.0665777772665023,,,156,,,,0.0002874924393836,,0.0002069412148557,,0.9986401796340942,,9.07021894818172e-05,,0.0001258467964362,,0.0006488330545835,v1
,0.0624068714678287,,,157,,,,0.0004052389704156,,0.000300306797726,,0.9981142282485962,,0.0001453298027627,,0.0001799270394258,,0.0008549315971322,v1
,0.0649389773607254,,,158,,,,0.0003350318584125,,0.0002475927758496,,0.9984356164932252,,0.0001117363208322,,0.0001389432436553,,0.0007310976507142,v1
,0.0638183951377868,,,159,,,,0.0003398891421966,,0.0002438934461679,,0.998391568660736,,0.0001120389497373,,0.0001517161581432,,0.0007608916494064,v1
,0.0615763701498508,,,160,,,,0.0003613688168115,,0.000265802751528,,0.9983062744140624,,0.0001229481131304,,0.0001542923855595,,0.0007893239380791,v1
,0.0640726909041404,,,161,,,,0.0004199837276246,,0.0003323914133943,,0.99796861410141,,0.0001558463845867,,0.0002130671637132,,0.0009100997704081,v1
,0.0631932467222213,,,162,,,,0.0003270002780482,,0.0002383118699071,,0.9984822869300842,,0.0001024161028908,,0.0001368656812701,,0.0007131516467779,v1
,0.0665217116475105,,,163,,,,0.0003497639845591,,0.0002531154314056,,0.998388946056366,,0.0001161399850388,,0.0001447346439817,,0.0007472537108696,v1
,0.0630706474184989,,,164,,,,0.0003024853067472,,0.0002190664527006,,0.9985448122024536,,9.6316056442447e-05,,0.0001353120605926,,0.0007020042394287,v1
,0.0648770481348037,,,165,,,,0.0003506006032694,,0.0002411440073046,,0.9984065294265748,,0.0001103367103496,,0.0001428946561645,,0.000748518272303,v1
,0.06409752368927,,,166,,,,0.0003246605629101,,0.0002361263468628,,0.9984588027000428,,0.0001068811543518,,0.0001404534414177,,0.0007330612861551,v1
,0.064443826675415,,,167,,,,0.0002687545202206,,0.0001931238075485,,0.998717963695526,,8.191324013751e-05,,0.0001121168752433,,0.0006261369562707,v1
,0.0655748322606086,,,168,,,,0.0003625465906225,,0.0002642371400725,,0.9983485341072084,,0.0001186133231385,,0.0001479906059103,,0.0007580359233543,v1
,0.0642052963376045,,,169,,,,0.0003795358934439,,0.0002785433316603,,0.9982718229293824,,0.0001269132917514,,0.0001597520022187,,0.0007834351854398,v1
0.0642151907086372,,9.0,0.0642151907086372,59,,,0.0003382290888112,,0.0002473128552082,,0.9984135627746582,,0.0001117884385166,,0.0001470138813601,,0.0007420473266392,,v1
0.0429286323487758,,9.0,,59,0.0429286323487758,,0.0004387258086353,,0.0003296200593467,,0.9979236125946044,,0.0001482016377849,,0.0001934377069119,,0.0009661788935773,,v1
,0.0560069270431995,,,170,,,,0.000239729284658,,0.0001701370056252,,0.9988616108894348,,7.643242861377075e-05,,0.0001030433704727,,0.000549029035028,v1
,0.054648783057928,,,171,,,,0.000270287389867,,0.0002005999413086,,0.9987173080444336,,8.668938971823081e-05,,0.0001270685752388,,0.0005980650312267,v1
,0.0544534884393215,,,172,,,,0.0002133847156073,,0.000146229416714,,0.9989892840385436,,6.179093179525807e-05,,8.812845044303685e-05,,0.0005012066103518,v1
,0.0577925480902195,,,173,,,,0.0002565853064879,,0.0001707097399048,,0.9988278150558472,,7.60870025260374e-05,,0.0001061158400261,,0.0005627124337479,v1
,0.0565667450428009,,,174,,,,0.0002813157043419,,0.000194969747099,,0.9987031817436218,,9.243530803360044e-05,,0.0001199620019178,,0.0006081049214117,v1
,0.0538826212286949,,,175,,,,0.0002725155500229,,0.0001859681942733,,0.9987796545028688,,8.20230197859928e-05,,0.0001053582527674,,0.0005745311500504,v1
,0.0548773631453514,,,176,,,,0.0002613666583783,,0.0001848484389483,,0.99877667427063,,8.597308624302968e-05,,0.0001153310731751,,0.0005758040351793,v1
,0.0549074783921241,,,177,,,,0.0002828591095749,,0.0002000463136937,,0.9986911416053772,,9.153481369139628e-05,,0.0001173289492726,,0.0006170954438857,v1
,0.0606881789863109,,,178,,,,0.0002434674679534,,0.0001776881981641,,0.9988335371017456,,7.53384520066902e-05,,0.0001078871864592,,0.0005620818119496,v1
,0.0581002309918403,,,179,,,,0.0002479064860381,,0.0001708223571768,,0.9988486170768738,,7.373599510174245e-05,,0.0001073392340913,,0.0005516082164831,v1
,0.0577297657728195,,,180,,,,0.0002222183393314,,0.0001554684713482,,0.998958945274353,,6.656022742390633e-05,,9.159684123005718e-05,,0.0005051955813542,v1
,0.0565867759287357,,,181,,,,0.0002807666023727,,0.0001928842975758,,0.9987391233444214,,8.707935194252059e-05,,0.0001124860427808,,0.0005876114009879,v1
,0.0560704134404659,,,182,,,,0.0002537460823077,,0.0001835841976571,,0.9988191723823548,,7.863588689360768e-05,,0.0001051050348905,,0.0005597787094302,v1
,0.0532089173793792,,,183,,,,0.0003237957134842,,0.0002382981765549,,0.9984778761863708,,0.0001120584929594,,0.0001553200709167,,0.0006926239584572,v1
,0.0584828667342662,,,184,,,,0.0002515410888008,,0.0001730500662233,,0.998837411403656,,7.92179343989119e-05,,0.0001031842839438,,0.0005556001560762,v1
,0.0526203997433185,,,185,,,,0.0002344810345675,,0.0001633449865039,,0.9988799691200256,,7.47118829167448e-05,,0.0001022650685627,,0.0005451826727949,v1
,0.0534659251570701,,,186,,,,0.0002230618847534,,0.0001586919097462,,0.9989332556724548,,6.751962791895494e-05,,9.619525371817872e-05,,0.0005212727701291,v1
0.0558876097202301,,10.0,0.0558876134455204,65,,,0.0002564134483691,,0.000180431845365,,0.9988044500350952,,8.046022412599996e-05,,0.0001096303240046,,0.0005686766817234,,v1
0.0347777195274829,,10.0,,65,0.0347777195274829,,0.0003383386647328,,0.0002462768461555,,0.998404622077942,,0.0001089624274754,,0.0001550701417727,,0.0007466595852747,,v1
,0.0483342371881008,,,187,,,,0.0002283254871144,,0.0001647024328121,,0.998929500579834,,7.496197213185951e-05,,0.0001003498327918,,0.000502189330291,v1
,0.0490327328443527,,,188,,,,0.0001934609026648,,0.0001341909519396,,0.9990860223770142,,6.023098831064999e-05,,8.138557313941419e-05,,0.0004447320534382,v1
,0.0491400994360446,,,189,,,,0.0002016882062889,,0.0001380610046908,,0.9990677833557128,,5.995432366034947e-05,,8.574867388233542e-05,,0.0004467063699848,v1
,0.0500131733715534,,,190,,,,0.0002196349960286,,0.0001486796245444,,0.9990235567092896,,6.647240661550313e-05,,8.276972221210599e-05,,0.0004589605377987,v1
,0.0496848858892917,,,191,,,,0.0002268561220262,,0.000160618830705,,0.9989473819732666,,7.248866313602775e-05,,9.811379277380183e-05,,0.0004945593536831,v1
,0.0500194653868675,,,192,,,,0.000253687496297,,0.000178287125891,,0.9988273978233336,,8.780768257565796e-05,,0.000107425796159,,0.000545339542441,v1
,0.0504308454692363,,,193,,,,0.000196367065655,,0.0001339242007816,,0.9990901947021484,,5.803038220619783e-05,,8.14461600384675e-05,,0.000440027215518,v1
,0.0494640097022056,,,194,,,,0.0002267659583594,,0.0001530427980469,,0.9989932179450988,,6.813737854827195e-05,,8.615695696789771e-05,,0.0004726873885374,v1
,0.0487941540777683,,,195,,,,0.0002155428519472,,0.0001418922620359,,0.9990479946136476,,6.481807940872386e-05,,8.284505747724324e-05,,0.000446968304459,v1
,0.0475917905569076,,,196,,,,0.0002072677016258,,0.0001416481973137,,0.9990514516830444,,6.259926885832101e-05,,8.226906356867403e-05,,0.0004547036951407,v1
,0.047583095729351,,,197,,,,0.0001756358251441,,0.000123296471429,,0.9991723299026488,,5.26355070178397e-05,,7.225213630590588e-05,,0.0004039088380523,v1
,0.0513491109013557,,,198,,,,0.0002162400924134,,0.0001489650603616,,0.9990090131759644,,6.770394975319505e-05,,8.844790136208758e-05,,0.0004696616379078,v1
,0.0502133220434188,,,199,,,,0.0002101204736391,,0.0001448083203285,,0.9990277886390686,,6.531611870741472e-05,,8.713737042853609e-05,,0.0004648049362003,v1
,0.0497256070375442,,,200,,,,0.000184339354746,,0.0001247031759703,,0.9991506338119508,,5.3511204896494746e-05,,7.425134390359744e-05,,0.0004125593986827,v1
,0.0487811528146266,,,201,,,,0.0002179000002797,,0.0001555560156702,,0.9989726543426514,,7.090704457368702e-05,,9.26128777791746e-05,,0.0004903616500087,v1
,0.0486878901720047,,,202,,,,0.0002177132701035,,0.0001652691571507,,0.9989478588104248,,7.011390698608011e-05,,0.0001036791800288,,0.0004953637253493,v1
,0.0483977422118186,,,203,,,,0.0001804681960493,,0.0001262149889953,,0.9991496801376344,,5.3761723393108696e-05,,7.898917829152197e-05,,0.0004108972207177,v1
0.0492496043443679,,11.0,0.0492496080696582,71,,,0.0002101184654748,,0.0001461094652768,,0.9990291595458984,,6.526179640786722e-05,,8.740474004298449e-05,,0.0004620254621841,,v1
0.029096620157361,,11.0,,71,0.029096620157361,,0.0002622597385197,,0.0001847194216679,,0.9987741708755492,,8.185120532289147e-05,,0.0001154459750978,,0.0005816803313791,,v1
,0.0429263859987258,,,204,,,,0.0001712463417788,,0.000115010785521,,0.999226689338684,,5.081290873931721e-05,,6.65564657538198e-05,,0.0003696443163789,v1
,0.0451830253005027,,,205,,,,0.000179341470357,,0.0001274172391276,,0.9991668462753296,,5.521170896827243e-05,,7.692408689763397e-05,,0.0003943065239582,v1
,0.0450263246893882,,,206,,,,0.000185716591659,,0.0001282975572394,,0.9991472959518432,,5.814783798996359e-05,,7.568906585220248e-05,,0.0004048260452691,v1
,0.0440993569791317,,,207,,,,0.0001933221938088,,0.0001275577378692,,0.999153733253479,,5.904682620894164e-05,,7.428090611938387e-05,,0.0003921057505067,v1
,0.044246669858694,,,208,,,,0.000185514363693,,0.000127034028992,,0.9991486668586732,,5.70514821447432e-05,,7.49587343307212e-05,,0.0004068150301463,v1
,0.0425127483904361,,,209,,,,0.0001605858851689,,0.0001129919401137,,0.9992433190345764,,4.929021451971494e-05,,6.910643423907459e-05,,0.0003647441044449,v1
,0.0452898517251014,,,210,,,,0.0001653428480494,,0.0001136973878601,,0.9992333650588988,,5.040197720518336e-05,,6.774540088372305e-05,,0.0003694911138154,v1
,0.0484279170632362,,,211,,,,0.0001459325576433,,9.893986134557052e-05,,0.9993165135383606,,4.150602035224438e-05,,5.922175841988064e-05,,0.0003378630790393,v1
,0.0425286628305912,,,212,,,,0.0001678326952969,,0.0001141199463745,,0.9992245435714722,,5.165796756045893e-05,,6.814059452153742e-05,,0.0003736735670827,v1
,0.0453912429511547,,,213,,,,0.0001661415735725,,0.0001179186510853,,0.9992105960845948,,5.112733197165653e-05,,7.420427573379129e-05,,0.0003800181439146,v1
,0.0414876788854599,,,214,,,,0.0002007096481975,,0.0001311095984419,,0.999113142490387,,6.105609645601362e-05,,7.920926145743579e-05,,0.000414736685343,v1
,0.0454629734158515,,,215,,,,0.0001422428031219,,9.747783769853412e-05,,0.9993325471878052,,4.140889359405264e-05,,5.694950959878042e-05,,0.0003293736954219,v1
,0.0458680391311645,,,216,,,,0.000182000818313,,0.0001378977030981,,0.9991267323493958,,5.986310134176165e-05,,8.367958071175963e-05,,0.0004097912460565,v1
,0.0447459705173969,,,217,,,,0.0001407524396199,,9.600896009942515e-05,,0.9993358850479126,,4.098951103514992e-05,,5.715709994547069e-05,,0.0003291863540653,v1
,0.0435417480766773,,,218,,,,0.0001748761424096,,0.0001196132943732,,0.9992060661315918,,5.309121479513124e-05,,7.037878094706684e-05,,0.0003759289975278,v1
,0.0476914905011653,,,219,,,,0.0001834477880038,,0.0001239183184225,,0.9991639852523804,,5.636169225908816e-05,,7.344655750785023e-05,,0.0003988232056144,v1
,0.0445409640669822,,,220,,,,0.0001917483896249,,0.0001260584394913,,0.9991670846939088,,5.686893200618215e-05,,7.163207192206755e-05,,0.0003866178449243,v1
0.0446453504264354,,12.0,0.0446453541517257,77,,,0.0001727502531139,,0.0001185334767797,,0.9992069005966188,,5.258198143565096e-05,,7.054591696942225e-05,,0.0003787026507779,,v1
0.02486103028059,,12.0,,77,0.02486103028059,,0.0002169991494156,,0.0001514756149845,,0.9989936351776124,,6.710886373184621e-05,,9.356679947813971e-05,,0.0004774774424731,,v1
,0.0384294539690017,,,221,,,,0.0001475901808589,,9.8452452220954e-05,,0.9993188381195068,,4.4019034248776734e-05,,6.003022281220183e-05,,0.0003310571191832,v1
,0.0379584468901157,,,222,,,,0.0001563216064823,,0.0001056178516591,,0.9992868900299072,,4.804174386663362e-05,,6.286092684604228e-05,,0.0003402837901376,v1
,0.044193610548973,,,223,,,,0.0001291119260713,,8.851125312503427e-05,,0.9993897080421448,,3.920199378626421e-05,,5.286357190925628e-05,,0.0003005202161148,v1
,0.0408228524029254,,,224,,,,0.0001765030319802,,0.0001286245969822,,0.9991753697395324,,5.6738193961791694e-05,,8.111406350508332e-05,,0.0003816578537225,v1
,0.0419881977140903,,,225,,,,0.000137015726068,,9.142475028056651e-05,,0.9993650913238524,,4.012623685412109e-05,,5.679697642335668e-05,,0.0003095418796874,v1
,0.0413417294621467,,,226,,,,0.0001596282527316,,0.0001093533064704,,0.9992796778678894,,4.954326868755743e-05,,6.280701200012118e-05,,0.0003390137571841,v1
,0.0436972416937351,,,227,,,,0.0001606822333997,,0.0001098524298868,,0.99927818775177,,4.7749617806402966e-05,,6.504154589492828e-05,,0.0003384947776794,v1
,0.0380617752671241,,,228,,,,0.000138898845762,,9.617726027499884e-05,,0.999353051185608,,4.061577783431858e-05,,5.800490907859057e-05,,0.0003132295678369,v1
,0.0395276695489883,,,229,,,,0.0001251313224202,,8.385053661186248e-05,,0.9994134902954102,,3.553514397935942e-05,,4.991457535652444e-05,,0.0002921185223385,v1
,0.0393990948796272,,,230,,,,0.0001760250888764,,0.0001132485485868,,0.9992326498031616,,5.373176099965349e-05,,6.771970220142975e-05,,0.0003566282393876,v1
,0.0401418395340442,,,231,,,,0.0001534649636596,,9.986294026020914e-05,,0.9993191361427308,,4.5513595978263766e-05,,5.9393067203927785e-05,,0.0003226430271752,v1
,0.0422677434980869,,,232,,,,0.0001369761303067,,9.202507499139756e-05,,0.9993693232536316,,3.976241714553908e-05,,5.4626660130452365e-05,,0.0003072721010539,v1
,0.04065428301692,,,233,,,,0.0001309355720877,,8.873653132468462e-05,,0.9993835687637328,,3.776926314458251e-05,,5.3527106501860544e-05,,0.0003054848057217,v1
,0.0409757010638713,,,234,,,,0.0001323875185335,,9.146886441158132e-05,,0.9993736147880554,,3.845385799650103e-05,,5.539690755540505e-05,,0.0003086407668888,v1
,0.0415598526597023,,,235,,,,0.0001208809189847,,8.374493336305022e-05,,0.9994239211082458,,3.512576222419739e-05,,4.913719021715224e-05,,0.0002871491888072,v1
,0.0393151082098484,,,236,,,,0.0001972232566913,,0.0001327976351603,,0.9991291165351868,,6.34408206678927e-05,,7.749033102300018e-05,,0.0003999603795818,v1
,0.0417224280536174,,,237,,,,0.0001846934464992,,0.0001249254564754,,0.999187469482422,,5.665583739755675e-05,,7.227642345242202e-05,,0.0003740098036359,v1
0.0407092347741127,,13.0,0.040709238499403,83,,,0.0001507923589088,,0.000102274971141,,0.9993105530738832,,4.541319140116684e-05,,6.111772381700575e-05,,0.0003298650553915,,v1
0.0217879544943571,,13.0,,83,0.0217879544943571,,0.0001775879791239,,0.0001226709282491,,0.9991766214370728,,5.3843534260522574e-05,,7.500658102799207e-05,,0.0003943239571526,,v1
,0.0391432680189609,,,238,,,,0.0001498213678132,,0.0001001956552499,,0.9993329048156738,,4.575399361783639e-05,,5.966780008748174e-05,,0.0003116650623269,v1
,0.0361442863941192,,,239,,,,0.0001254754315596,,8.865332347340882e-05,,0.9994043111801147,,3.852739610010758e-05,,5.420572415459901e-05,,0.0002888382587116,v1
,0.0387375578284263,,,240,,,,0.0001195424556499,,8.014900959096849e-05,,0.9994423985481262,,3.5615943488664925e-05,,4.8081757995532826e-05,,0.0002743024961091,v1
,0.0352552160620689,,,241,,,,0.0001048889680532,,6.75404880894348e-05,,0.9995166659355164,,2.853127443813719e-05,,4.059859202243388e-05,,0.0002417913492536,v1
,0.0411446653306484,,,242,,,,0.000130297979922,,9.587933163857087e-05,,0.9993776082992554,,3.942065086448565e-05,,6.023790774634108e-05,,0.0002965432358905,v1
,0.0396903231739997,,,243,,,,0.000125554841361,,8.59278516145423e-05,,0.99941223859787,,3.636036126408726e-05,,5.280983168631792e-05,,0.0002871393517125,v1
,0.0377556942403316,,,244,,,,0.0001550095330458,,0.000103446887806,,0.9993155002593994,,4.718894342659041e-05,,6.0896825743839145e-05,,0.0003179901978,v1
,0.0392914898693561,,,245,,,,0.0001294732501264,,8.426995191257447e-05,,0.9994038939476012,,3.76071038772352e-05,,5.1559451094362885e-05,,0.0002932108764071,v1
,0.0375536419451236,,,246,,,,0.0001899560447782,,0.0001182633568532,,0.9992188215255736,,5.7410441513638943e-05,,6.741474498994648e-05,,0.0003481408057268,v1
,0.0390192791819572,,,247,,,,0.0001379302120767,,9.30913956835866e-05,,0.99937641620636,,4.126752901356667e-05,,5.512697680387646e-05,,0.0002961891586892,v1
,0.0374138131737709,,,248,,,,0.0001173258497146,,7.960904622450471e-05,,0.9994507431983948,,3.399777415324934e-05,,4.874379374086857e-05,,0.0002695880539249,v1
,0.0352524779736995,,,249,,,,0.0001782571198418,,0.0001180705003207,,0.9992261528968812,,5.641553798341192e-05,,6.878747080918401e-05,,0.0003523082705214,v1
,0.0363583527505397,,,250,,,,0.0001326912315562,,8.497421367792413e-05,,0.9993966817855836,,4.0063183405436575e-05,,5.236046126810834e-05,,0.0002932001079898,v1
,0.0371528603136539,,,251,,,,0.0001262059959117,,8.71642041602172e-05,,0.9993994235992432,,3.804078005487099e-05,,5.385676922742277e-05,,0.0002952082722913,v1
,0.035385001450777,,,252,,,,0.0001587126898812,,0.0001047886471496,,0.9992926120758056,,4.996110874344595e-05,,6.299869710346684e-05,,0.000330858019879,v1
,0.035903375595808,,,253,,,,0.0001506210246589,,0.0001064533571479,,0.9992944598197936,,4.941209044773132e-05,,6.53693059575744e-05,,0.0003337420639581,v1
,0.0385553501546382,,,254,,,,0.0001360132882837,,8.785058162175119e-05,,0.9993947744369508,,3.978342647315003e-05,,5.271193367661908e-05,,0.0002888684975914,v1
0.0376327447593212,,14.0,0.0376327447593212,89,,,0.0001392810227116,,9.331340697826818e-05,,0.9993680119514464,,4.207985330140218e-05,,5.620164665742777e-05,,0.0003011519729625,,v1
0.0193768888711929,,14.0,,89,0.0193768888711929,,0.0001567948056617,,0.000107236293843,,0.9992722868919371,,4.717018600786105e-05,,6.594047590624541e-05,,0.0003503265033941,,v1
,0.0349533036351203,,,255,,,,0.0001334987900918,,9.020515426527707e-05,,0.9993813037872314,,4.210682163829915e-05,,5.731108831241727e-05,,0.0002955715463031,v1
,0.0336480177938938,,,256,,,,0.0001345165946986,,8.95260163815692e-05,,0.9993966817855836,,4.168233499513008e-05,,5.364974640542641e-05,,0.0002839782391674,v1
,0.0398326404392719,,,257,,,,0.0001195555087178,,8.584241004427895e-05,,0.9994322061538696,,3.6531055229716e-05,,5.391430386225693e-05,,0.0002719788462854,v1
,0.0345201566815376,,,258,,,,0.0001075379259418,,7.317510608118027e-05,,0.9994919300079346,,3.2336181902792305e-05,,4.446467210073024e-05,,0.0002505850279703,v1
,0.0373923890292644,,,259,,,,0.0001008866820484,,6.562232010765001e-05,,0.9995311498641968,,2.86138729279628e-05,,4.0083148633129895e-05,,0.0002336361212655,v1
,0.0337465032935142,,,260,,,,0.0001300534786423,,8.593019447289407e-05,,0.9994181990623474,,3.972186823375523e-05,,5.02103466715198e-05,,0.0002758576883934,v1
,0.0326184444129467,,,261,,,,0.0001241730933543,,7.901938806753606e-05,,0.9994526505470276,,3.675794505397789e-05,,4.755557529279031e-05,,0.0002598211285658,v1
,0.0347898229956626,,,262,,,,0.0001140624153777,,7.775011181365699e-05,,0.9994614124298096,,3.4933113056467846e-05,,4.74580519949086e-05,,0.0002644249179866,v1
,0.0339910686016082,,,263,,,,0.0001102418755181,,7.265314343385398e-05,,0.999484658241272,,3.275538983871229e-05,,4.4670250645140186e-05,,0.0002549674827605,v1
,0.0355529822409153,,,264,,,,0.0001681824796833,,0.0001043999945977,,0.9993078112602234,,5.153209349373356e-05,,6.051865784684196e-05,,0.0003075748682022,v1
,0.0336078777909278,,,265,,,,0.0001135365746449,,7.625445141457021e-05,,0.9994710087776184,,3.409213604754768e-05,,4.7323763283202425e-05,,0.0002576998958829,v1
,0.0327297374606132,,,266,,,,0.0001076391054084,,7.240573177114129e-05,,0.999497652053833,,3.1736224627820775e-05,,4.471412830753252e-05,,0.0002458301896695,v1
,0.0348537005484104,,,267,,,,0.0001091754966182,,7.381945033557713e-05,,0.99949049949646,,3.247502536396496e-05,,4.396645454107784e-05,,0.0002500731206964,v1
,0.0344251580536365,,,268,,,,0.0001040177157847,,6.764438148820773e-05,,0.99951833486557,,2.92815275315661e-05,,4.204969445709139e-05,,0.0002386855048825,v1
,0.0350016877055168,,,269,,,,9.596915333531796e-05,,6.488885264843702e-05,,0.9995490312576294,,2.779343412839808e-05,,3.8645786844426766e-05,,0.0002236761938547,v1
,0.0350674726068973,,,270,,,,0.0001700320572126,,0.000115941518743,,0.9992588758468628,,5.539673657040112e-05,,6.744956044713035e-05,,0.0003323336713947,v1
,0.0369217209517955,,,271,,,,0.0001646751188673,,0.0001033955122693,,0.9993107318878174,,5.055062501924112e-05,,6.222599768079817e-05,,0.0003084253112319,v1
0.0349207483232021,,15.0,0.0349207445979118,95,,,0.0001239855337189,,8.226317004300654e-05,,0.999438464641571,,3.7546848034253344e-05,,4.9777128879213706e-05,,0.0002679481985978,,v1
0.0176604688167572,,15.0,,95,0.0176604688167572,,0.0001433807919966,,9.729673183755948e-05,,0.999337673187256,,4.320275547797792e-05,,5.977134787826799e-05,,0.000318717880873,,v1
,0.0161132011562585,16.0,,99,,0.0161132011562585,,0.000143636832945,,9.563251660438254e-05,,0.9993486404418944,,4.285538307158277e-05,,6.078156002331525e-05,,0.0003083978081122,v1
,0.0327651165425777,,,272,,,,0.0001254195522051,,8.012989565031603e-05,,0.9994488954544068,,3.8848520489409566e-05,,4.91641549160704e-05,,0.0002575466642156,v1
,0.0323530137538909,,,273,,,,0.0002197986177634,,0.0001313956017838,,0.9991483092308044,,7.1669441240374e-05,,7.56412700866349e-05,,0.0003531470429152,v1
,0.0333388820290565,,,274,,,,9.869231143966316e-05,,6.606720853596926e-05,,0.999537229537964,,2.9874805477447808e-05,,4.045514651807025e-05,,0.0002276436716783,v1
,0.0339993275701999,,,275,,,,0.0001018949333229,,6.769953324692324e-05,,0.9995267391204834,,3.0348754080478105e-05,,4.139918382861652e-05,,0.0002319496998097,v1
,0.0347623415291309,,,276,,,,0.0001010983833111,,6.635159661527723e-05,,0.9995306730270386,,2.994448550452944e-05,,4.1993836930487305e-05,,0.0002299925108673,v1
,0.0352171324193477,,,277,,,,0.0001005949161481,,6.918143481016159e-05,,0.9995288848876952,,3.0155439162626863e-05,,4.407685628393665e-05,,0.0002271010598633,v1
,0.032645259052515,,,278,,,,9.154077270068228e-05,,5.810458242194727e-05,,0.9995816946029664,,2.579039755801205e-05,,3.505413405946456e-05,,0.0002078339457511,v1
,0.031689777970314,,,279,,,,0.0001025507517624,,6.770394247723743e-05,,0.999524474143982,,3.099249443039298e-05,,4.169217572780326e-05,,0.0002325986715732,v1
,0.0353085324168205,,,280,,,,0.0001022863143589,,6.663795647909865e-05,,0.9995316863059998,,3.0176062864484265e-05,,4.11242654081434e-05,,0.000228044213145,v1
,0.0311230942606925,,,281,,,,9.701657108962536e-05,,6.462294550146908e-05,,0.9995487928390504,,2.9003196686971933e-05,,3.882558303303085e-05,,0.0002217594592366,v1
,0.0323378480970859,,,282,,,,0.0001039949202095,,6.964750355109572e-05,,0.9995181560516356,,3.2027135603129864e-05,,4.181442272965796e-05,,0.0002343398955417,v1
,0.0314334593713283,,,283,,,,0.0001343177864328,,9.334649803349748e-05,,0.9993931651115416,,4.427460953593254e-05,,5.697769665857777e-05,,0.0002779150381684,v1
,0.0325054191052913,,,284,,,,9.400593989994376e-05,,6.134372961241752e-05,,0.999564528465271,,2.716502422117628e-05,,3.7681485991925e-05,,0.0002152766246581,v1
,0.032311625778675,,,285,,,,0.0001157631922978,,7.546566484961659e-05,,0.9994844794273376,,3.506870780256577e-05,,4.633268690668047e-05,,0.0002429199812468,v1
,0.0358424372971057,,,286,,,,0.0001047364567057,,7.120901136659086e-05,,0.99951171875,,3.23476197081618e-05,,4.226626333547756e-05,,0.0002377472701482,v1
,0.0343718864023685,,,287,,,,0.0001251851790584,,8.295878797071055e-05,,0.9994381070137024,,3.8875914469826967e-05,,4.893953882856295e-05,,0.0002659396850503,v1
,0.0321976915001869,,,288,,,,0.0001046289980877,,7.036255556158721e-05,,0.9995079040527344,,3.23205313179642e-05,,4.5541630242951214e-05,,0.0002392041933489,v1
0.0331884063780307,,16.0,0.0331884026527404,101,,,0.0001131485551013,,7.424873911077157e-05,,0.999489724636078,,3.464018664089963e-05,,4.5234133722260594e-05,,0.0002429976157145,,v1
0.0163534227758646,,16.0,,101,0.0163534227758646,,0.0001309760700678,,8.833930769469589e-05,,0.9993959665298462,,3.98056254198309e-05,,5.44871945749037e-05,,0.0002904868451878,,v1
,0.0310886353254318,,,289,,,,0.0001145228961831,,7.018011092441157e-05,,0.9995096325874328,,3.477795689832419e-05,,4.2889343603746966e-05,,0.0002279907348565,v1
,0.0316698066890239,,,290,,,,0.0001082791859516,,6.784167635487393e-05,,0.9995256662368774,,3.2465763069922104e-05,,4.11242144764401e-05,,0.0002246244839625,v1
,0.034095399081707,,,291,,,,8.365197572857141e-05,,5.20716275786981e-05,,0.9996203184127808,,2.370406946283765e-05,,3.209168426110409e-05,,0.000188184712897,v1
,0.0317894406616687,,,292,,,,0.0001132724792114,,7.534237374784425e-05,,0.9994964599609376,,3.5713201214093715e-05,,4.560847446555272e-05,,0.0002336001198273,v1
,0.0306764394044876,,,293,,,,0.0001189588656416,,7.796935096848756e-05,,0.999479353427887,,3.753220880753361e-05,,4.7131376049946994e-05,,0.0002390309964539,v1
,0.0321946218609809,,,294,,,,9.13866824703291e-05,,5.926611629547551e-05,,0.9995768070220948,,2.754184606601484e-05,,3.706254210555926e-05,,0.0002079091209452,v1
,0.0305993612855672,,,295,,,,9.532975673209876e-05,,6.335950456559658e-05,,0.9995529055595398,,2.9893888495280407e-05,,3.952810220653191e-05,,0.0002190335217164,v1
,0.0340879186987876,,,296,,,,9.620240598451346e-05,,6.309919990599155e-05,,0.999556601047516,,2.9074017220409587e-05,,4.058386912220158e-05,,0.0002144036698155,v1
,0.0316685251891613,,,297,,,,0.0001233722141478,,8.26669274829328e-05,,0.9994511008262634,,3.88123735319823e-05,,5.207050344324671e-05,,0.0002519701665733,v1
,0.0306293163448572,,,298,,,,0.0001143636618508,,7.275940151885152e-05,,0.9994956851005554,,3.583412035368383e-05,,4.59349321317859e-05,,0.0002354078460484,v1
,0.0300630796700716,,,299,,,,0.0001019370320136,,6.790737825213e-05,,0.9995271563529968,,3.197541809640825e-05,,4.241734859533608e-05,,0.0002286596281919,v1
,0.0318471640348434,,,300,,,,9.753642370924354e-05,,6.326102447928861e-05,,0.9995517134666444,,2.920105544035323e-05,,3.984196882811375e-05,,0.0002184390759794,v1
,0.0318433120846748,,,301,,,,0.0001124314949265,,7.083495438564569e-05,,0.9995093941688538,,3.460909647401422e-05,,4.491092113312334e-05,,0.0002278174797538,v1
,0.033683456480503,,,302,,,,8.6312742496375e-05,,5.578359559876844e-05,,0.999601423740387,,2.5037974410224703e-05,,3.460664811427705e-05,,0.0001968535943888,v1
,0.0317740961909294,,,303,,,,0.0001017177710309,,6.278548971749842e-05,,0.999557614326477,,3.017980998265557e-05,,3.75560048269108e-05,,0.0002101043792208,v1
,0.0296251215040683,,,304,,,,0.0001038430636981,,6.611811113543808e-05,,0.9995397925376892,,3.16311270580627e-05,,3.9844875573180616e-05,,0.0002187362697441,v1
,0.0319825932383537,,,305,,,,0.0001018137263599,,6.948735244804993e-05,,0.999526023864746,,3.2972879125736654e-05,,4.15736431023106e-05,,0.0002281756314914,v1
0.0317246057093143,,17.0,0.0317246057093143,107,,,0.0001038195478031,,6.710200977977365e-05,,0.9995339512825012,,3.182098953402601e-05,,4.145744242123328e-05,,0.0002218201116193,,v1
0.015241589397192,,17.0,,107,0.015241589397192,,0.0001214489820995,,8.132599759846926e-05,,0.9994405508041382,,3.716207356774248e-05,,5.064866127213463e-05,,0.0002689133689273,,v1
,0.0312188025563955,,,306,,,,7.415178697556257e-05,,4.713788803201169e-05,,0.9996554851531982,,2.1389330868260004e-05,,2.911351111833937e-05,,0.0001727052149362,v1
,0.0305548589676618,,,307,,,,8.624274050816894e-05,,5.790474824607372e-05,,0.9995964765548706,,2.605245026643388e-05,,3.596208262024447e-05,,0.0001973370817722,v1
,0.0296332817524671,,,308,,,,0.0001152630138676,,6.957267032703385e-05,,0.9995156526565552,,3.5055065382039174e-05,,4.1637358663138e-05,,0.0002227955556008,v1
,0.0306704137474298,,,309,,,,8.273379353340715e-05,,5.284472717903554e-05,,0.99961918592453,,2.3982856873772107e-05,,3.284826743765734e-05,,0.0001884232915472,v1
,0.0324073918163776,,,310,,,,0.0001035242457874,,6.720409146510065e-05,,0.9995461702346802,,3.234288305975497e-05,,4.1253977542510256e-05,,0.0002095053350785,v1
,0.029816647991538,,,311,,,,0.0001241708232555,,8.171488298103213e-05,,0.9994527101516724,,4.007167444797233e-05,,5.209951996221207e-05,,0.0002492126368451,v1
,0.0282805450260639,,,312,,,,9.166922973236068e-05,,5.963286821497604e-05,,0.9995793104171752,,2.801468872348778e-05,,3.773890057345852e-05,,0.0002036604564636,v1
,0.0305128563195467,,,313,,,,8.973462536232546e-05,,5.904857243876904e-05,,0.9995847940444946,,2.789317659335211e-05,,3.740379179362208e-05,,0.0002011600445257,v1
,0.0286937113851308,,,314,,,,9.204655361827464e-05,,6.051066884538159e-05,,0.9995790719985962,,2.794198735500686e-05,,3.894208202837035e-05,,0.0002015321806538,v1
,0.0309370066970586,,,315,,,,8.068008173722774e-05,,5.226755456533283e-05,,0.9996285438537598,,2.398518699919805e-05,,3.248741995776072e-05,,0.0001819878234528,v1
,0.031014883890748,,,316,,,,9.568011591909452e-05,,5.656672510667704e-05,,0.99959135055542,,2.801831578835845e-05,,3.4932199923787266e-05,,0.0001935367472469,v1
,0.0311266966164112,,,317,,,,7.562179962405935e-05,,4.826331132790074e-05,,0.999649465084076,,2.1812398699694316e-05,,3.0292911105789244e-05,,0.0001745138142723,v1
,0.0293058101087808,,,318,,,,0.0001372123660985,,8.904511196305975e-05,,0.9994083642959596,,4.674722731579095e-05,,5.3023504733573645e-05,,0.0002655911957845,v1
,0.0303316544741392,,,319,,,,9.754489292390645e-05,,6.12093135714531e-05,,0.9995731115341188,,3.012938941537868e-05,,3.730155731318519e-05,,0.0002007057482842,v1
,0.0291740372776985,,,320,,,,8.097726095002145e-05,,5.138175401953049e-05,,0.9996268153190612,,2.3522250558016825e-05,,3.229907088098116e-05,,0.0001849772088462,v1
,0.0296868849545717,,,321,,,,8.679587335791439e-05,,5.51756274944637e-05,,0.999604344367981,,2.5693298084661365e-05,,3.452266537351534e-05,,0.0001934880856424,v1
,0.03088353946805,,,322,,,,0.0001190772745758,,7.832446863176301e-05,,0.9994646310806274,,3.877599010593258e-05,,5.258565943222493e-05,,0.0002466508885845,v1
0.0302499420940876,,18.0,0.0302499420940876,113,,,9.606625098967923e-05,,6.163558282423764e-05,,0.9995691776275636,,2.949577356048394e-05,,3.849673521472141e-05,,0.0002051637129625,,v1
0.0143520617857575,,18.0,,113,0.0143520617857575,,0.0001148503943113,,7.573366747237742e-05,,0.9994749426841736,,3.525949068716727e-05,,4.765678750118241e-05,,0.0002513021172489,,v1
,0.028000446036458,,,323,,,,7.37841910449788e-05,,4.733683454105631e-05,,0.9996601939201356,,2.1744264813605696e-05,,2.9430319045786742e-05,,0.0001675092353252,v1
,0.0292997155338525,,,324,,,,8.2716069300659e-05,,5.271669215289876e-05,,0.9996256232261658,,2.503200448700227e-05,,3.2851839932845905e-05,,0.0001810331887099,v1
,0.0285843629390001,,,325,,,,7.898415060481057e-05,,4.942665691487491e-05,,0.9996439814567566,,2.2962489310884848e-05,,3.075605854974128e-05,,0.0001738700666464,v1
,0.0291751343756914,,,326,,,,9.219101775670424e-05,,5.7778990594670177e-05,,0.9995843172073364,,2.8239097446203232e-05,,3.7345453165471554e-05,,0.0002001960383495,v1
,0.0313745252788066,,,327,,,,9.817685349844396e-05,,6.375773227773607e-05,,0.9995623230934144,,3.17870762955863e-05,,3.905126504832879e-05,,0.0002049305185209,v1
,0.0280125252902507,,,328,,,,0.0001055899701896,,6.238063360797241e-05,,0.9995558857917786,,3.174192170263268e-05,,3.8348574889823794e-05,,0.0002060378319583,v1
,0.0301517862826585,,,329,,,,7.197624654509127e-05,,4.669572808779776e-05,,0.9996669292449952,,2.1709904103772715e-05,,2.898642560467124e-05,,0.0001637513050809,v1
,0.0304928552359342,,,330,,,,9.251457959180698e-05,,6.489785300800577e-05,,0.9995665550231934,,2.9134796932339668e-05,,4.0876046114135534e-05,,0.0002060261031147,v1
,0.0292741563171148,,,331,,,,8.571820944780484e-05,,5.488534952746704e-05,,0.9996104836463928,,2.598633909656201e-05,,3.445850597927347e-05,,0.0001884521334432,v1
,0.0300387497991323,,,332,,,,0.0001045181488734,,6.821962597314268e-05,,0.9995346069335938,,3.263038524892181e-05,,4.3277872464386746e-05,,0.0002167153725167,v1
,0.0304767005145549,,,333,,,,8.095486555248499e-05,,4.940493090543896e-05,,0.9996432065963744,,2.3898101062513888e-05,,3.030703737749718e-05,,0.0001722605084069,v1
,0.0285519491881132,,,334,,,,0.0001140874519478,,7.060833740979433e-05,,0.9995124340057372,,3.629480488598347e-05,,4.402525519253686e-05,,0.0002226075157523,v1
,0.030759634450078,,,335,,,,0.0001217068638652,,7.737487612757832e-05,,0.9994840621948242,,4.044535307912156e-05,,4.778628499479965e-05,,0.0002286435628775,v1
,0.0296640060842037,,,336,,,,9.642455552238972e-05,,6.198868504725397e-05,,0.9995683431625366,,3.050704617635347e-05,,3.883173121721484e-05,,0.0002039727405644,v1
,0.0305133052170276,,,337,,,,8.998198609333485e-05,,6.167270475998521e-05,,0.9995777606964112,,2.818810571625363e-05,,4.032685683341697e-05,,0.000202043185709,v1
,0.0275780912488698,,,338,,,,7.386333891190588e-05,,4.634720244212076e-05,,0.9996634125709534,,2.0992887584725395e-05,,2.883950401155744e-05,,0.0001664718729443,v1
,0.030738616362214,,,339,,,,8.620738663012162e-05,,5.413870530901477e-05,,0.9996120929718018,,2.6593905204208568e-05,,3.489069422357716e-05,,0.000186057499377,v1
0.0295697972178459,,19.0,0.0295697972178459,119,,,9.114092972595245e-05,,5.8213619922753423e-05,,0.9995924830436708,,2.8111087885918096e-05,,3.6493511288426816e-05,,0.0001935634645633,,v1
0.0136769162490963,,19.0,,119,0.0136769162490963,,0.0001086416959878,,7.101059600245208e-05,,0.9995060563087464,,3.3340103982482105e-05,,4.4799231545766816e-05,,0.0002361729129916,,v1
,0.0278076697140932,,,340,,,,8.55488033266738e-05,,5.3135096095502377e-05,,0.9996247887611388,,2.620156556076836e-05,,3.283811383880675e-05,,0.0001774881529854,v1
,0.0302650947123765,,,341,,,,7.832606206648052e-05,,4.85179407405667e-05,,0.999652624130249,,2.32541515288176e-05,,2.9963674023747444e-05,,0.000167295220308,v1
,0.0307439062744379,,,342,,,,7.458346954081208e-05,,4.724963582702912e-05,,0.9996606111526488,,2.1749123334302567e-05,,3.0172523111104965e-05,,0.00016559715732,v1
,0.0288873519748449,,,343,,,,0.0001080792717402,,6.427557673305273e-05,,0.999553382396698,,3.3987096685450524e-05,,3.849698987323791e-05,,0.0002017517545027,v1
,0.0283408127725124,,,344,,,,8.214430999942124e-05,,5.451861215988174e-05,,0.9996184706687928,,2.638643491081893e-05,,3.4410964872222394e-05,,0.0001840338518377,v1
,0.0287632346153259,,,345,,,,8.093430369626731e-05,,5.1163802709197626e-05,,0.999629020690918,,2.389253131696023e-05,,3.26157060044352e-05,,0.0001823798083933,v1
,0.0279808212071657,,,346,,,,9.28171575651504e-05,,5.881243123440072e-05,,0.9995875358581544,,2.8952843422302976e-05,,3.579771146178245e-05,,0.0001960621448233,v1
,0.0321810506284236,,,347,,,,8.689481182955205e-05,,5.637777576339431e-05,,0.9996030926704408,,2.6732643163995817e-05,,3.701067180372775e-05,,0.0001899223134387,v1
,0.0292294826358556,,,348,,,,8.857496140990406e-05,,5.839442746946588e-05,,0.9996002912521362,,2.7953614335274324e-05,,3.625642420956865e-05,,0.0001885516103357,v1
,0.0302800256758928,,,349,,,,9.310682798968628e-05,,5.848855653312057e-05,,0.999595046043396,,2.974204471684061e-05,,3.613714943639934e-05,,0.0001874998124549,v1
,0.0278514567762613,,,350,,,,9.348006278742103e-05,,6.223351374501362e-05,,0.9995770454406738,,3.0732364393770695e-05,,3.93262344005052e-05,,0.00019722073921,v1
,0.0301042161881923,,,351,,,,8.766064274823293e-05,,5.711721314582974e-05,,0.999612271785736,,2.711248816922307e-05,,3.5367265809327364e-05,,0.0001804649509722,v1
,0.0300284270197153,,,352,,,,7.23723933333531e-05,,4.623334461939521e-05,,0.9996660947799684,,2.148337080143392e-05,,2.9035607440164316e-05,,0.0001647839380893,v1
,0.0283722970634698,,,353,,,,8.548681216780096e-05,,5.611633969238028e-05,,0.999616265296936,,2.780851718853228e-05,,3.4884280466940254e-05,,0.0001794193085515,v1
,0.0293245557695627,,,354,,,,7.663244468858466e-05,,4.709265340352431e-05,,0.9996618628501892,,2.2630807507084683e-05,,2.8829144866904244e-05,,0.0001629343169042,v1
,0.0300388969480991,,,355,,,,7.563961844425648e-05,,4.71323037345428e-05,,0.9996569156646729,,2.2190790332388133e-05,,2.9568454920081425e-05,,0.0001685668830759,v1
,0.0287274103611707,,,356,,,,9.512230462860316e-05,,6.380958075169474e-05,,0.999568521976471,,3.030080733879004e-05,,4.130124216317199e-05,,0.0002009638701565,v1
0.0293486304581165,,20.0,0.0293486304581165,125,,,8.572965452913195e-05,,5.474522549775429e-05,,0.9996166229248048,,2.6535954020801e-05,,3.423600719543174e-05,,0.0001820550533011,,v1
0.0130737889558076,,20.0,,125,0.0130737889558076,,0.0001045281605911,,6.838257831986994e-05,,0.9995248913764954,,3.2267205824609846e-05,,4.335133417043835e-05,,0.0002267164527438,,v1
,0.0288225598633289,,,357,,,,7.723670569248497e-05,,5.004294507671148e-05,,0.999648928642273,,2.421433237032033e-05,,3.140402986900881e-05,,0.0001681790163274,v1
,0.0290889274328947,,,358,,,,7.09114465280436e-05,,4.483971861191094e-05,,0.9996752738952636,,2.089380723191425e-05,,2.8149710487923585e-05,,0.0001598964008735,v1
,0.027331780642271,,,359,,,,8.785941463429481e-05,,5.352448351914063e-05,,0.999618649482727,,2.638447767822072e-05,,3.3561966120032594e-05,,0.0001799495657905,v1
,0.0314100533723831,,,360,,,,0.0001160263855126,,7.11654283804819e-05,,0.9995176196098328,,3.810251655522734e-05,,4.381364487926476e-05,,0.0002132270310539,v1
,0.0279080178588628,,,361,,,,7.767333590891212e-05,,4.763524702866562e-05,,0.9996559023857116,,2.345528992009349e-05,,2.981295983772725e-05,,0.0001655017404118,v1
,0.0277277398854494,,,362,,,,0.0001093895843951,,6.681621016468853e-05,,0.999540150165558,,3.5660912544699386e-05,,4.111191083211452e-05,,0.0002068701869575,v1
,0.0304070636630058,,,363,,,,7.945147808641195e-05,,4.927890040562488e-05,,0.9996498227119446,,2.3795615561539307e-05,,3.037726492038928e-05,,0.0001673143997322,v1
,0.0298670697957277,,,364,,,,7.626961451023817e-05,,4.999089287593961e-05,,0.9996500015258788,,2.342014340683818e-05,,3.2526219001738355e-05,,0.0001678060216363,v1
,0.0265686884522438,,,365,,,,6.87339052092284e-05,,4.319728031987325e-05,,0.9996853470802308,,2.0180366846034303e-05,,2.735332236625254e-05,,0.0001551340683363,v1
,0.0282352436333894,,,366,,,,8.085272565949708e-05,,5.157798295840621e-05,,0.9996397495269777,,2.4205206500482745e-05,,3.326369187561795e-05,,0.000170365179656,v1
,0.0284622330218553,,,367,,,,9.40137542784214e-05,,6.388514884747565e-05,,0.9995741248130798,,3.04396035062382e-05,,4.132639878662303e-05,,0.0001962039532372,v1
,0.0263500846922397,,,368,,,,7.945614925120026e-05,,5.599114956567064e-05,,0.999631941318512,,2.751008651102893e-05,,3.29043687088415e-05,,0.0001721767330309,v1
,0.0280067306011915,,,369,,,,7.797217404004186e-05,,4.9638867494650185e-05,,0.9996518492698668,,2.371901791775599e-05,,3.0610812245868146e-05,,0.0001662263675825,v1
,0.0274709854274988,,,370,,,,6.98008225299418e-05,,4.441689452505671e-05,,0.999678373336792,,2.137555929948576e-05,,2.84262714558281e-05,,0.0001575809728819,v1
,0.025715647265315,,,371,,,,7.29887979105115e-05,,4.650492701330222e-05,,0.9996637105941772,,2.226492142654024e-05,,2.897503145504743e-05,,0.0001654653606237,v1
,0.029489379376173,,,372,,,,7.331067172344774e-05,,4.4772114051738754e-05,,0.9996731877326964,,2.1544776245718825e-05,,2.846288771252148e-05,,0.0001587007282068,v1
,0.0301199536770582,,,373,,,,7.503617234760895e-05,,4.988902946934104e-05,,0.999656617641449,,2.392540955042932e-05,,3.122491034446284e-05,,0.0001633078500162,v1
0.0284107159823179,,21.0,0.0284107159823179,131,,,8.158724813256413e-05,,5.195101039134897e-05,,0.999635934829712,,2.5358356651850045e-05,,3.25473774864804e-05,,0.0001725826732581,,v1
0.0125022828578948,,21.0,,131,0.0125022828578948,,0.0001002457283902,,6.559013127116486e-05,,0.999545395374298,,3.1097777537070215e-05,,4.128405635128729e-05,,0.0002163998578907,,v1
,0.026597885414958,,,374,,,,7.109218859113753e-05,,4.321162850828841e-05,,0.9996833801269532,,2.113613300025463e-05,,2.7696038159774616e-05,,0.0001535057963337,v1
,0.0272510740906,,,375,,,,7.107627607183531e-05,,4.3242092942819e-05,,0.99968421459198,,2.0559140466502868e-05,,2.712853529374115e-05,,0.0001537788048153,v1
,0.0311704576015472,,,376,,,,7.327772618737072e-05,,4.727000487037003e-05,,0.9996697306632996,,2.290739939780906e-05,,2.9695453122258183e-05,,0.0001571151369716,v1
,0.0265737511217594,,,377,,,,7.870903937146068e-05,,4.927268309984356e-05,,0.9996562004089355,,2.4571265385020524e-05,,3.117584128631279e-05,,0.0001600072719156,v1
,0.0261846091598272,,,378,,,,6.951577961444855e-05,,4.471100328373723e-05,,0.9996814727783204,,2.162119562854059e-05,,2.8794647732866e-05,,0.0001538818323751,v1
,0.029590805992484,,,379,,,,7.240721606649458e-05,,4.5868175220675766e-05,,0.999670147895813,,2.2301981516648084e-05,,2.947672692243941e-05,,0.0001598228700459,v1
,0.0269862581044435,,,380,,,,6.840490095783025e-05,,4.390467802295461e-05,,0.9996883273124696,,2.071525523206219e-05,,2.7850805054185912e-05,,0.0001508166606072,v1
,0.0284010861068964,,,381,,,,7.734898827038705e-05,,4.8310361307812855e-05,,0.9996630549430848,,2.4046314138104208e-05,,3.0245879315771163e-05,,0.0001570104359416,v1
,0.0285853650420904,,,382,,,,9.208123083226384e-05,,5.995812534820288e-05,,0.9995971322059632,,2.944787593150977e-05,,3.7997044273652136e-05,,0.0001833229907788,v1
,0.0259225349873304,,,383,,,,8.464986603939906e-05,,5.256467920844443e-05,,0.9996309280395508,,2.635023702168837e-05,,3.207933696103282e-05,,0.0001734227407723,v1
,0.0282077137380838,,,384,,,,7.983133400557563e-05,,4.990384331904352e-05,,0.9996450543403624,,2.4978651708806865e-05,,3.310155443614349e-05,,0.0001670981582719,v1
,0.0244317892938852,,,385,,,,6.491312524303794e-05,,4.138349322602153e-05,,0.9997033476829528,,1.944392170116771e-05,,2.648644294822589e-05,,0.0001444506342522,v1
,0.0290972031652927,,,386,,,,7.494302553823218e-05,,4.580227687256411e-05,,0.9996665120124816,,2.2679301764583212e-05,,2.8872578695882112e-05,,0.000161149771884,v1
,0.0266779065132141,,,387,,,,8.536691893823445e-05,,5.5462936870753765e-05,,0.9996206760406494,,2.689270695555024e-05,,3.413114609429613e-05,,0.0001774703414412,v1
,0.0260934736579656,,,388,,,,7.468988769687712e-05,,4.9198773922398686e-05,,0.9996610879898072,,2.380922524025664e-05,,3.064087650272995e-05,,0.000160607494763,v1
,0.0274369269609451,,,389,,,,7.492760778404772e-05,,4.709690256277099e-05,,0.9996678829193116,,2.324292654520832e-05,,2.8903581551276147e-05,,0.0001579941890668,v1
,0.0323200337588787,,,390,,,,8.496483496855944e-05,,5.409024743130431e-05,,0.9996281266212464,,2.773832602542825e-05,,3.1931878766044974e-05,,0.0001731299562379,v1
0.0277369935065507,,22.0,0.0277369935065507,137,,,7.636469672434032e-05,,4.830893522012048e-05,,0.9996598362922668,,2.3673052055528387e-05,,3.036519774468616e-05,,0.0001614461652934,,v1
0.0120140155777335,,22.0,,137,0.0120140155777335,,9.79802425717935e-05,,6.424610182875767e-05,,0.9995560646057128,,3.072819163207896e-05,,4.071624425705522e-05,,0.0002102168073179,,v1
,0.0286570582538843,,,391,,,,7.585491403006017e-05,,4.783528856933117e-05,,0.9996681213378906,,2.3856258849264123e-05,,2.9576756787719205e-05,,0.0001546769053675,v1
,0.0277293920516967,,,392,,,,6.002852751407772e-05,,3.691171150421724e-05,,0.9997274875640868,,1.772153700585477e-05,,2.361779479542747e-05,,0.0001342538453172,v1
,0.0267452523112297,,,393,,,,6.900716107338667e-05,,4.28548373747617e-05,,0.999692440032959,,2.094103547278792e-05,,2.6004734536400065e-05,,0.0001487311237724,v1
,0.030174259096384,,,394,,,,6.361220584949479e-05,,3.943045157939196e-05,,0.9997190237045288,,1.9132534362142906e-05,,2.507635144866072e-05,,0.0001337937283096,v1
,0.0264293774962425,,,395,,,,7.398801244562492e-05,,4.650502523873001e-05,,0.9996718168258668,,2.328387927263975e-05,,2.9132173949619755e-05,,0.000155224755872,v1
,0.0261884815990924,,,396,,,,7.40009272703901e-05,,4.810738028027117e-05,,0.9996691942214966,,2.38754855672596e-05,,3.0017265089554712e-05,,0.000154761612066,v1
,0.0257188454270362,,,397,,,,7.847412052797154e-05,,5.369649443309754e-05,,0.9996389746665956,,2.536829197197221e-05,,3.5145756555721164e-05,,0.0001683577138464,v1
,0.0259513035416603,,,398,,,,7.576945063192397e-05,,4.611104668583721e-05,,0.9996667504310608,,2.2989805074757896e-05,,2.9711236493312757e-05,,0.0001586374855833,v1
,0.0257928054779768,,,399,,,,6.610241689486429e-05,,4.188530147075653e-05,,0.9997019171714784,,2.0050601960974745e-05,,2.612754178699106e-05,,0.0001439098268747,v1
,0.0265031866729259,,,400,,,,6.959608435863629e-05,,4.1197519749403e-05,,0.999695122241974,,2.0305007637944072e-05,,2.631192182889208e-05,,0.0001474393648095,v1
,0.0262187551707029,,,401,,,,7.835279393475503e-05,,4.6695859055034816e-05,,0.9996671080589294,,2.376109478063881e-05,,2.865570058929734e-05,,0.0001553963811602,v1
,0.0251406040042638,,,402,,,,6.768752064090222e-05,,4.200885450700298e-05,,0.9996945858001708,,2.0402148948051035e-05,,2.6488129151402973e-05,,0.0001488311972934,v1
,0.0257749538868665,,,403,,,,7.481692591682076e-05,,5.00034584547393e-05,,0.9996590614318848,,2.472218329785392e-05,,2.9272378014866263e-05,,0.0001621324045117,v1
,0.0283208340406417,,,404,,,,7.993886538315564e-05,,5.263926141196862e-05,,0.9996415376663208,,2.5574418032192625e-05,,3.2969786843750626e-05,,0.0001673069345997,v1
,0.0278747864067554,,,405,,,,7.2163762524724e-05,,4.675359741668217e-05,,0.9996738433837892,,2.3291671823244545e-05,,2.937527824542485e-05,,0.0001545698032714,v1
,0.0272293630987405,,,406,,,,9.586750820744784e-05,,6.136568845249712e-05,,0.9995860457420348,,3.111182013526559e-05,,4.057771002408117e-05,,0.0001850564731284,v1
,0.0281465761363506,,,407,,,,7.40008254069835e-05,,4.472353248274885e-05,,0.9996753931045532,,2.26159900194034e-05,,2.8579956051544286e-05,,0.0001546716084703,v1
0.0269762258976697,,23.0,0.0269762258976697,143,,,7.348600775003433e-05,,4.639561302610673e-05,,0.9996733665466307,,2.2882575649418868e-05,,2.9214144888101146e-05,,0.0001545736013213,,v1
0.0115168951451778,,23.0,,143,0.0115168951451778,,9.312170004704968e-05,,6.033794488757849e-05,,0.9995810985565186,,2.898170168919023e-05,,3.819748599198647e-05,,0.0001983660622499,,v1
,0.0112454807385802,24.0,,149,,0.0112454807385802,,9.566245716996492e-05,,6.24860476818867e-05,,0.99956613779068,,3.082019975408912e-05,,4.122676909901202e-05,,0.000203717558179,v1
,0.0260696429759264,,,408,,,,6.471699452959001e-05,,3.929448575945571e-05,,0.9997145533561708,,1.955091101990547e-05,,2.4294302420457825e-05,,0.0001376064610667,v1
,0.0274860374629497,,,409,,,,6.509416562039405e-05,,3.923170515918173e-05,,0.9997143745422364,,1.937487832037732e-05,,2.415373455733061e-05,,0.0001377004082314,v1
,0.0291262064129114,,,410,,,,6.706657586619258e-05,,4.223879659548402e-05,,0.9996972680091858,,2.059822145383805e-05,,2.8643316909438e-05,,0.0001442023785784,v1
,0.0269677657634019,,,411,,,,7.093687599990517e-05,,4.373360934550874e-05,,0.9996932744979858,,2.24946688831551e-05,,2.735695852607023e-05,,0.0001423014036845,v1
,0.0287086553871631,,,412,,,,6.560336623806506e-05,,4.001155321020633e-05,,0.9997094869613647,,1.9830928067676723e-05,,2.500874688848853e-05,,0.0001401185727445,v1
,0.0260025672614574,,,413,,,,7.136676867958158e-05,,4.547300341073424e-05,,0.9996837973594666,,2.2742688088328578e-05,,2.8837814170401543e-05,,0.0001477886253269,v1
,0.0260157044976949,,,414,,,,6.603977817576379e-05,,4.051495488965884e-05,,0.999704122543335,,1.985397102544084e-05,,2.5699599063955247e-05,,0.0001438123435946,v1
,0.0252612400799989,,,415,,,,7.962621748447418e-05,,5.350275750970468e-05,,0.9996477961540222,,2.6595120289130136e-05,,3.3701391657814384e-05,,0.0001587758306413,v1
,0.0267598871141672,,,416,,,,7.025382365100086e-05,,4.6015920815989375e-05,,0.9996804594993592,,2.1904608729528263e-05,,2.9889146389905363e-05,,0.0001514881441835,v1
,0.0265376567840576,,,417,,,,7.085283868946135e-05,,4.41893826064188e-05,,0.999691367149353,,2.217498331447132e-05,,2.7257809051661752e-05,,0.0001441547792637,v1
,0.0249521397054195,,,418,,,,6.882797606522217e-05,,4.016306047560647e-05,,0.9997033476829528,,2.0246414351277053e-05,,2.5364543034811504e-05,,0.0001420544285792,v1
,0.026443401351571,,,419,,,,7.477965846192092e-05,,4.561573587125167e-05,,0.9996809363365172,,2.3453496396541595e-05,,2.798750574584119e-05,,0.0001472392177674,v1
,0.0269116982817649,,,420,,,,7.820117752999067e-05,,4.899990744888783e-05,,0.9996600151062012,,2.431263419566676e-05,,3.16203004331328e-05,,0.0001568035222589,v1
,0.0254309922456741,,,421,,,,6.440531433327124e-05,,4.013949364889413e-05,,0.999708652496338,,1.9811272068182006e-05,,2.5309574994025752e-05,,0.0001416516606695,v1
,0.0255182608962059,,,422,,,,5.717572275898419e-05,,3.5017314075957984e-05,,0.9997400045394896,,1.6947062249528244e-05,,2.242624395876192e-05,,0.0001284470054088,v1
,0.0285387076437473,,,423,,,,8.211108070099726e-05,,5.227135989116505e-05,,0.9996442794799804,,2.6740948669612408e-05,,3.222129817004316e-05,,0.0001623643183847,v1
,0.0294051654636859,,,424,,,,9.315030911238864e-05,,6.245863187359646e-05,,0.9995867013931274,,3.256864147260785e-05,,3.749139796127565e-05,,0.0001876619353424,v1
0.026831516996026,,24.0,0.0268315132707357,149,,,7.118874782463536e-05,,4.463950972422026e-05,,0.999685764312744,,2.2305968741420656e-05,,2.8074333386030048e-05,,0.0001478924095863,,v1
0.0111532723531126,,24.0,,149,0.0111532723531126,,9.230639261659236e-05,,5.9896869061049074e-05,,0.999585509300232,,2.9023780371062458e-05,,3.800382546614856e-05,,0.0001953141618287,,v1
,0.0272100698202848,,,425,,,,7.714990351814777e-05,,4.970882218913175e-05,,0.999660074710846,,2.6000594516517594e-05,,2.92850691039348e-05,,0.0001577737712068,v1
,0.0262355338782072,,,426,,,,5.853512993780896e-05,,3.50082409568131e-05,,0.9997407793998718,,1.7472024410380982e-05,,2.1855064915143885e-05,,0.0001263809390366,v1
,0.0267640985548496,,,427,,,,7.844464562367648e-05,,4.6843393647577614e-05,,0.9996687769889832,,2.431066241115332e-05,,2.9485541745088995e-05,,0.0001521548547316,v1
,0.0265823453664779,,,428,,,,6.115336873335764e-05,,3.774395372602157e-05,,0.999726176261902,,1.8272890883963555e-05,,2.340170249226503e-05,,0.0001332133397227,v1
,0.0292566772550344,,,429,,,,6.626859976677224e-05,,4.167862789472565e-05,,0.9996997714042664,,2.1302190361893736e-05,,2.673424023669213e-05,,0.0001441829081159,v1
,0.0250389594584703,,,430,,,,7.136484055081382e-05,,4.265567986294627e-05,,0.9996958374977112,,2.163844692404382e-05,,2.6247547793900598e-05,,0.0001422266213921,v1
,0.0261167269200086,,,431,,,,6.96423085173592e-05,,4.341555177234113e-05,,0.9996878504753112,,2.1919804567005485e-05,,2.7315651095705107e-05,,0.0001498938945587,v1
,0.025036085397005,,,432,,,,7.133510371204466e-05,,4.766273923451081e-05,,0.9996770620346068,,2.310879062861204e-05,,3.013503010151908e-05,,0.0001506205589976,v1
,0.0240796506404876,,,433,,,,7.669512706343085e-05,,4.707554762717336e-05,,0.9996684789657592,,2.370999936829321e-05,,2.9480494049494155e-05,,0.0001545790000818,v1
,0.0266227070242166,,,434,,,,7.583224942209199e-05,,4.424185317475349e-05,,0.9996811747550964,,2.306279202457517e-05,,2.7225893063587137e-05,,0.0001484797248849,v1
,0.0290384087711572,,,435,,,,5.224592678132467e-05,,3.0545154004357755e-05,,0.999770998954773,,1.5059049474075437e-05,,1.894337037811056e-05,,0.0001122366957133,v1
,0.0263661909848451,,,436,,,,6.90859742462635e-05,,4.4608445023186505e-05,,0.9996907711029052,,2.2420066670747477e-05,,3.0015718948561695e-05,,0.0001431002747267,v1
,0.0285808164626359,,,437,,,,7.265251770149916e-05,,4.880808410234749e-05,,0.99967360496521,,2.3738939489703625e-05,,3.191108407918364e-05,,0.0001492269220761,v1
,0.0229164436459541,,,438,,,,6.91453242325224e-05,,4.53567918157205e-05,,0.9996898174285888,,2.246535950689577e-05,,2.858341576938983e-05,,0.0001446637616027,v1
,0.026557782664895,,,439,,,,6.024868707754649e-05,,3.8009031413821504e-05,,0.99972403049469,,1.8572609405964613e-05,,2.354960270167794e-05,,0.0001355747808702,v1
,0.0262381359934806,,,440,,,,6.141715857665986e-05,,3.736002690857276e-05,,0.999732255935669,,1.898028131108731e-05,,2.3364445951301605e-05,,0.000126609171275,v1
,0.026044325903058,,,441,,,,8.15760504337959e-05,,5.17972803208977e-05,,0.9996490478515624,,2.775429493340198e-05,,3.245715925004333e-05,,0.0001572836044942,v1
0.0263932328671216,,25.0,0.0263932328671216,155,,,6.898781430209056e-05,,4.308936331653968e-05,,0.9996963739395142,,2.1752281099907123e-05,,2.7058293198933825e-05,,0.0001428353280061,,v1
0.0107538253068923,,25.0,,155,0.0107538253068923,,8.700893522473052e-05,,5.584495738730766e-05,,0.9996104836463928,,2.7223139113630168e-05,,3.5488701541908085e-05,,0.0001840786280808,,v1
,0.0252689272165298,,,442,,,,6.970760296098888e-05,,4.0044833440333605e-05,,0.9997105598449708,,2.1396350348368287e-05,,2.462240263412241e-05,,0.0001337183930445,v1
,0.024763785302639,,,443,,,,6.0743754147551954e-05,,3.617830589064397e-05,,0.9997331500053406,,1.805593819881324e-05,,2.27396194532048e-05,,0.0001290670916205,v1
,0.0246228333562612,,,444,,,,5.8401739806868136e-05,,3.651488077593967e-05,,0.9997397661209106,,1.797509685275145e-05,,2.2696174710290503e-05,,0.000124592334032,v1
,0.0279023144394159,,,445,,,,5.2846364269498736e-05,,3.239185025449842e-05,,0.9997597336769104,,1.554289883642923e-05,,2.042168489424512e-05,,0.0001190505572594,v1
,0.023745410144329,,,446,,,,5.7829180150292814e-05,,3.675817060866393e-05,,0.9997393488883972,,1.8133197954739444e-05,,2.3404925741488117e-05,,0.000124519545352,v1
,0.0264088660478591,,,447,,,,6.59494471619837e-05,,4.1683262679725885e-05,,0.9997104406356812,,2.085573214571923e-05,,2.6038160285679623e-05,,0.0001350083621218,v1
,0.025801258161664,,,448,,,,8.104240987449884e-05,,4.911343057756312e-05,,0.999666154384613,,2.686851439648308e-05,,2.8719954570988197e-05,,0.0001480567734688,v1
,0.0292867999523878,,,449,,,,6.164379010442644e-05,,3.801778075285256e-05,,0.999723494052887,,1.9225302821723744e-05,,2.407933061476797e-05,,0.0001335939450655,v1
,0.0241846684366464,,,450,,,,7.43192940717563e-05,,4.461719800019637e-05,,0.9996858239173888,,2.328135815332644e-05,,2.7503197998157702e-05,,0.0001444852096028,v1
,0.0275810435414314,,,451,,,,6.524674972752109e-05,,3.8466394471470267e-05,,0.9997188448905944,,2.0475179553614e-05,,2.457472146488726e-05,,0.0001323609467362,v1
,0.0265277940779924,,,452,,,,6.406210013665259e-05,,4.124906990909949e-05,,0.9997133016586304,,2.0687482901848853e-05,,2.420240707579069e-05,,0.0001364998606732,v1
,0.0262058526277542,,,453,,,,5.85792149649933e-05,,3.620507050072774e-05,,0.9997386932373048,,1.7396043404005468e-05,,2.2655174689134583e-05,,0.0001264485326828,v1
,0.0250668078660964,,,454,,,,7.56466033635661e-05,,4.82195318909362e-05,,0.9996702075004578,,2.4875167582649738e-05,,3.177720645908266e-05,,0.0001492431183578,v1
,0.0251003112643957,,,455,,,,5.849341687280685e-05,,3.563721111277118e-05,,0.9997373223304749,,1.7521462723379955e-05,,2.323765875189565e-05,,0.0001278213021578,v1
,0.025183867663145,,,456,,,,6.416137330234051e-05,,4.258461922290735e-05,,0.999708652496338,,2.0227420463925228e-05,,2.7841480914503336e-05,,0.0001365157950203,v1
,0.0237029232084751,,,457,,,,7.123430259525776e-05,,4.4136817450635135e-05,,0.9996943473815918,,2.341403524042107e-05,,2.783432137221098e-05,,0.0001390115357935,v1
,0.0251264702528715,,,458,,,,7.115729385986924e-05,,4.608121525961906e-05,,0.9996891021728516,,2.2926516976440325e-05,,2.8461628971854225e-05,,0.0001422636414645,v1
0.0256752874702215,,26.0,0.0256752893328666,161,,,6.53567403787747e-05,,4.0464685298502445e-05,,0.9997141361236572,,2.05210417334456e-05,,2.5341767468489707e-05,,0.0001342504256172,,v1
0.0103905973955988,,26.0,,161,0.0103905973955988,,8.705689833732322e-05,,5.642099131364376e-05,,0.9996099472045898,,2.777442023216281e-05,,3.572383866412565e-05,,0.0001828944223234,,v1
,0.0274472180753946,,,459,,,,6.160172051750124e-05,,3.956329601351172e-05,,0.9997276067733764,,2.0374083760543726e-05,,2.2702697606291625e-05,,0.0001281552540604,v1
,0.0249273180961608,,,460,,,,6.963888154132292e-05,,4.42052332800813e-05,,0.999692678451538,,2.2795069526182488e-05,,2.7501504519023e-05,,0.0001431540003977,v1
,0.0245929248631,,,461,,,,6.52978487778455e-05,,4.209975304547697e-05,,0.9997062683105468,,2.051347109954804e-05,,2.79955638688989e-05,,0.00013783214672,v1
,0.0212954189628362,,,462,,,,6.25821776338853e-05,,3.917689900845289e-05,,0.9997255206108092,,1.9804941985057667e-05,,2.41436246142257e-05,,0.0001287740305997,v1
,0.0247565135359764,,,463,,,,6.434095848817378e-05,,4.0691047615837306e-05,,0.9997167587280272,,2.0379473426146436e-05,,2.6641164367902093e-05,,0.0001311230153078,v1
,0.0269986353814601,,,464,,,,6.201061478350312e-05,,3.928690421162173e-05,,0.9997279644012452,,2.028354720096104e-05,,2.436586510157213e-05,,0.0001260839344467,v1
,0.0251889321953058,,,465,,,,5.808979040011764e-05,,3.406768519198522e-05,,0.9997535943984984,,1.7662652680883184e-05,,2.0482904801610857e-05,,0.0001161196487373,v1
,0.0244965869933366,,,466,,,,6.621188367716968e-05,,4.1977786167990416e-05,,0.9997125864028932,,2.1661759092239663e-05,,2.5781846488825977e-05,,0.0001317203277722,v1
,0.0274442881345748,,,467,,,,5.772680742666125e-05,,3.409096825635061e-05,,0.9997502565383912,,1.7169357306556776e-05,,2.11829537875019e-05,,0.0001195380609715,v1
,0.0280251093208789,,,468,,,,6.297766231000423e-05,,3.576809831429273e-05,,0.9997376203536988,,1.9298959159641527e-05,,2.1838597604073584e-05,,0.0001224962616106,v1
,0.0255879368633031,,,469,,,,5.0670700147747993e-05,,3.044301047339104e-05,,0.9997732639312744,,1.4879376976750793e-05,,1.935852924361825e-05,,0.0001113639227696,v1
,0.0239414498209953,,,470,,,,6.88126019667834e-05,,4.132022149860859e-05,,0.9997071623802184,,2.222798138973303e-05,,2.5365856345160864e-05,,0.0001351382379652,v1
,0.0241850949823856,,,471,,,,5.86352834943682e-05,,3.45255175489001e-05,,0.9997458457946776,,1.752486059558578e-05,,2.1231115169939585e-05,,0.0001221831043949,v1
,0.0252848416566848,,,472,,,,5.503412467078306e-05,,3.40953265549615e-05,,0.9997514486312866,,1.6487301763845608e-05,,2.1195235603954643e-05,,0.000121765435324,v1
,0.0256493650376796,,,473,,,,5.953667641733773e-05,,3.53639989043586e-05,,0.9997437000274658,,1.812868868000805e-05,,2.2243901184992865e-05,,0.0001210542832268,v1
,0.0247506536543369,,,474,,,,5.883142148377374e-05,,3.782498970394954e-05,,0.9997351169586182,,1.7951784684555605e-05,,2.3541251721326265e-05,,0.0001267339685,v1
,0.0250783208757638,,,475,,,,6.678178033325821e-05,,4.108467692276463e-05,,0.9997085332870485,,2.142745506716892e-05,,2.6100216928170997e-05,,0.0001360599417239,v1
0.0252735670655965,,27.0,0.0252735652029514,167,,,6.169299012981355e-05,,3.797561294049956e-05,,0.9997302889823914,,1.932769373524934e-05,,2.36278137890622e-05,,0.000127017381601,,v1
0.0100655192509293,,27.0,,167,0.0100655192509293,,8.36786421132274e-05,,5.3786290663992986e-05,,0.9996285438537598,,2.661265534698032e-05,,3.3781598176574335e-05,,0.0001735398982418,,v1
,0.0271588768810033,,,476,,,,5.234806303633377e-05,,3.203476080670953e-05,,0.9997625350952148,,1.565613638376817e-05,,2.0269706510589455e-05,,0.0001170894829556,v1
,0.0290947668254375,,,477,,,,6.414083327399567e-05,,4.154392081545666e-05,,0.999718427658081,,2.147657323803287e-05,,2.5516774257994257e-05,,0.0001288301427848,v1
,0.023193072527647,,,478,,,,6.786073208786547e-05,,4.180785981588997e-05,,0.999705135822296,,2.1470255887834355e-05,,2.8006490538246e-05,,0.0001357003347948,v1
,0.0252106599509716,,,479,,,,8.032837649807334e-05,,5.284581857267767e-05,,0.9996501207351683,,2.8766387913492508e-05,,3.130322875222191e-05,,0.0001566172286402,v1
,0.0248552206903696,,,480,,,,6.292843318078667e-05,,3.722477413248271e-05,,0.999733567237854,,1.9414792404859327e-05,,2.2862932382849976e-05,,0.0001240375859197,v1
,0.023913012817502,,,481,,,,5.8578141761245206e-05,,3.4616823541000485e-05,,0.9997536540031432,,1.839231663325336e-05,,2.09583668038249e-05,,0.0001137964645749,v1
,0.024360416457057,,,482,,,,5.568660708377138e-05,,3.4402408346068114e-05,,0.9997490644454956,,1.6975087419268675e-05,,2.1634708900819533e-05,,0.0001222511782543,v1
,0.0233087856322526,,,483,,,,6.809037586208433e-05,,4.199469549348578e-05,,0.9997092485427856,,2.1929085050942376e-05,,2.5629482479416765e-05,,0.0001331357925664,v1
,0.0238591693341732,,,484,,,,7.088122220011428e-05,,4.511034785537049e-05,,0.9996955394744872,,2.341391518712044e-05,,2.800295624183491e-05,,0.000137053488288,v1
,0.0264735016971826,,,485,,,,4.761163290822879e-05,,2.8279508114792407e-05,,0.9997869729995728,,1.388408782077022e-05,,1.7915042917593382e-05,,0.0001052629813784,v1
,0.0264890007674694,,,486,,,,6.234426109585911e-05,,4.123887629248202e-05,,0.9997223019599916,,2.125125138263684e-05,,2.5627963623264804e-05,,0.0001272316731046,v1
,0.0269627887755632,,,487,,,,5.339830386219546e-05,,3.239687066525221e-05,,0.9997622966766356,,1.605037323315628e-05,,2.0199482605676167e-05,,0.0001155972713604,v1
,0.0232300851494073,,,488,,,,5.474688441609033e-05,,3.248327993787825e-05,,0.9997614622116088,,1.6489855624968186e-05,,2.003350346058141e-05,,0.0001147659131675,v1
,0.0250869486480951,,,489,,,,5.650696766679175e-05,,3.5298526199767366e-05,,0.9997490048408508,,1.8058814021060243e-05,,2.204712654929608e-05,,0.0001190892726299,v1
,0.0266093015670776,,,490,,,,6.558511813636869e-05,,3.689324876177125e-05,,0.999732255935669,,2.0195475372020155e-05,,2.286762901348993e-05,,0.0001221711572725,v1
,0.0239971727132797,,,491,,,,6.39936697552912e-05,,4.116498894290999e-05,,0.9997166395187378,,1.945096300914884e-05,,2.618970029288903e-05,,0.0001325262273894,v1
,0.0224752053618431,,,492,,,,5.720063927583397e-05,,3.493526310194284e-05,,0.9997454881668092,,1.7355892850901e-05,,2.2821113816462457e-05,,0.0001221729471581,v1
0.0250751748681068,,28.0,0.0250751748681068,173,,,6.130766269052401e-05,,3.789834954659455e-05,,0.9997326135635376,,1.942536619026214e-05,,2.3640362996957265e-05,,0.000125137012219,,v1
0.0098176831379532,,28.0,,173,0.0098176831379532,,8.113781223073602e-05,,5.182914173929021e-05,,0.999639332294464,,2.588552160887048e-05,,3.268965519964695e-05,,0.0001690380158834,,v1
,0.0244211629033088,,,493,,,,5.820192745886743e-05,,3.618687333073467e-05,,0.999752402305603,,1.93047417269554e-05,,2.1744208424934183e-05,,0.0001121359091484,v1
,0.0239276848733425,,,494,,,,6.382163701346144e-05,,3.8652055081911385e-05,,0.999723494052887,,2.0388968550832946e-05,,2.3804164811735973e-05,,0.0001297863491345,v1
,0.0255712494254112,,,495,,,,4.693550363299437e-05,,2.868828050850425e-05,,0.9997905492782592,,1.3788976502837612e-05,,1.8029375496553257e-05,,0.0001020359341055,v1
,0.0237277522683143,,,496,,,,4.918918421026319e-05,,2.9523602279368788e-05,,0.9997819066047668,,1.4465035746979993e-05,,1.824153878260404e-05,,0.0001066740442183,v1
,0.0253341980278491,,,497,,,,5.486182271852158e-05,,3.3903095754794776e-05,,0.9997644424438475,,1.7856949853012338e-05,,2.1004829250159677e-05,,0.0001079284120351,v1
,0.0249024163931608,,,498,,,,5.222389881964773e-05,,3.209331771358848e-05,,0.9997612237930298,,1.588764280313626e-05,,2.078627949231304e-05,,0.0001178084057755,v1
,0.0242716297507286,,,499,,,,8.877554500941187e-05,,5.826222331961617e-05,,0.9996224641799928,,3.1064191716723144e-05,,3.340841067256406e-05,,0.0001660409907344,v1
,0.0247949380427598,,,500,,,,5.203990440350026e-05,,3.083888077526353e-05,,0.9997751712799072,,1.5867326510488056e-05,,1.862684075604193e-05,,0.0001075030959327,v1
,0.0254146251827478,,,501,,,,5.883789708605036e-05,,3.6448003811528906e-05,,0.9997454285621644,,1.9183644326403737e-05,,2.2195890778675675e-05,,0.0001179042010335,v1
,0.0238921158015728,,,502,,,,5.072155181551352e-05,,3.0995292036095634e-05,,0.9997800588607788,,1.5976460417732596e-05,,1.8671154975891117e-05,,0.0001036086105159,v1
,0.0248577278107404,,,503,,,,5.044286808697507e-05,,3.1368021154776216e-05,,0.9997720718383788,,1.5222867659758776e-05,,1.9887153030140325e-05,,0.0001110771554522,v1
,0.0270529128611087,,,504,,,,5.304516525939107e-05,,3.067365105380304e-05,,0.9997727870941162,,1.5800400433363393e-05,,1.8441798601998016e-05,,0.0001092384045477,v1
,0.0256958305835723,,,505,,,,5.586075349128805e-05,,3.450721487752162e-05,,0.9997524619102478,,1.737575075821951e-05,,2.273078280268237e-05,,0.0001171078838524,v1
,0.0255697965621948,,,506,,,,5.408564902609214e-05,,3.1821837183088064e-05,,0.9997647404670716,,1.659886765992269e-05,,2.010516982409172e-05,,0.0001126376882893,v1
,0.0244842022657394,,,507,,,,5.802945088362321e-05,,3.651695442385972e-05,,0.9997471570968628,,1.800997597456444e-05,,2.3489770683227107e-05,,0.0001167254449683,v1
,0.0223157834261655,,,508,,,,5.670048267347738e-05,,3.3875126973725855e-05,,0.9997562170028688,,1.6919300833251327e-05,,2.09434365388006e-05,,0.0001152763652498,v1
,0.0252555795013904,,,509,,,,5.972824874334037e-05,,3.742328408407048e-05,,0.999736189842224,,1.919706119224429e-05,,2.3366232198895887e-05,,0.0001241026620846,v1
0.0247935056686401,,29.0,0.0247935056686401,179,,,5.667655204888433e-05,,3.4810451325029135e-05,,0.9997528195381165,,1.7818128981161863e-05,,2.1498648493434303e-05,,0.0001163289125543,,v1
0.0095946798101067,,29.0,,179,0.0095946798101067,,8.008197619346902e-05,,5.09596175106708e-05,,0.9996459484100342,,2.547170879552141e-05,,3.198482590960339e-05,,0.0001657127286307,,v1
,0.0256574880331754,,,510,,,,5.108080222271383e-05,,3.065606870222837e-05,,0.9997738599777222,,1.530248118797317e-05,,1.935902400873601e-05,,0.0001097733911592,v1
,0.0233654156327247,,,511,,,,5.465686263050884e-05,,3.217977791791782e-05,,0.9997668266296388,,1.6810408851597458e-05,,1.9448678358457983e-05,,0.0001100796507671,v1
,0.024575151503086,,,512,,,,6.467961065936834e-05,,4.253668521414511e-05,,0.99971604347229,,2.172643144149333e-05,,2.4484192181262188e-05,,0.0001305403857259,v1
,0.0229017361998558,,,513,,,,5.5249962315429e-05,,3.423268208280206e-05,,0.9997609853744508,,1.7740274415700696e-05,,2.1197525711613707e-05,,0.0001105094852391,v1
,0.024254823103547,,,514,,,,5.072064232081175e-05,,3.05998619296588e-05,,0.9997761249542236,,1.5627769244019873e-05,,1.8877286493079737e-05,,0.0001080595393432,v1
,0.024890748783946,,,515,,,,5.211894313106313e-05,,3.141442721243948e-05,,0.999769926071167,,1.583285666129086e-05,,1.908424928842578e-05,,0.0001116351704695,v1
,0.0248939786106348,,,516,,,,5.37201194674708e-05,,3.159703192068264e-05,,0.9997729063034058,,1.6678692190907896e-05,,1.891191459435504e-05,,0.0001061573420884,v1
,0.0247237980365753,,,517,,,,6.075949204387143e-05,,3.488962829578668e-05,,0.9997432827949524,,1.9521661670296453e-05,,2.235040665254928e-05,,0.0001191945775644,v1
,0.0254906844347715,,,518,,,,5.789530405309051e-05,,3.5607314202934504e-05,,0.9997513890266418,,1.860605698311701e-05,,2.1734296751674265e-05,,0.0001148342562373,v1
,0.0257252659648656,,,519,,,,5.565898027271032e-05,,3.602724245865829e-05,,0.9997509717941284,,1.7706923244986683e-05,,2.235031934105791e-05,,0.0001172764241346,v1
,0.0255270712077617,,,520,,,,5.04262643516995e-05,,3.005278631462716e-05,,0.9997786283493042,,1.540710945846513e-05,,1.8135382561013103e-05,,0.000107333442429,v1
,0.0258638244122266,,,521,,,,6.467037019319832e-05,,4.14651949540712e-05,,0.9997189044952391,,2.1871777789783664e-05,,2.5674624339444563e-05,,0.0001273757225135,v1
,0.0244482234120368,,,522,,,,6.514721462735906e-05,,4.172157059656456e-05,,0.9997119903564452,,2.0812971342820678e-05,,2.816169944708236e-05,,0.0001321873860433,v1
,0.0277195181697607,,,523,,,,4.409888060763478e-05,,2.615288394736126e-05,,0.9998044967651368,,1.2794714166375344e-05,,1.609488026588224e-05,,9.6362637123093e-05,v1
,0.0238124299794435,,,524,,,,5.7033932534977794e-05,,3.519409438013099e-05,,0.9997535347938538,,1.7755141016095877e-05,,2.2391479433281347e-05,,0.0001140620224759,v1
,0.0239766053855419,,,525,,,,7.370894309133291e-05,,4.6878853027010337e-05,,0.9996908903121948,,2.5345194444525987e-05,,2.751398460532073e-05,,0.0001356555731035,v1
,0.0246376860886812,,,526,,,,5.325470192474313e-05,,3.357337482157163e-05,,0.999764323234558,,1.6614696505712345e-05,,2.122455225617159e-05,,0.0001109623844968,v1
0.0248508509248495,,30.0,0.0248508490622043,185,,,5.675771171809174e-05,,3.4987027902388945e-05,,0.9997532963752748,,1.8009126506512985e-05,,2.1587909941445105e-05,,0.0001154117271653,,v1
0.0093147149309515,,30.0,,185,0.0093147149309515,,7.594005001010373e-05,,4.838628956349567e-05,,0.9996641278266908,,2.4200589905376543e-05,,3.0122895623208024e-05,,0.0001569470914546,,v1
,0.0239593628793954,,,527,,,,5.386907287174836e-05,,3.1790739740245044e-05,,0.9997692704200744,,1.6587287973379716e-05,,1.923672971315682e-05,,0.0001092873717425,v1
,0.0252624247223138,,,528,,,,5.426320421975106e-05,,3.3726319088600576e-05,,0.9997657537460328,,1.7394073438481428e-05,,2.0417697669472545e-05,,0.0001084219838958,v1
,0.0248367860913276,,,529,,,,5.35181570739951e-05,,3.2271258533000946e-05,,0.9997690320014954,,1.6621304894215427e-05,,2.005204441957176e-05,,0.0001085111871361,v1
,0.0278428513556718,,,530,,,,6.401972495950758e-05,,3.745104186236858e-05,,0.9997352361679076,,2.0737967133754864e-05,,2.193146428908221e-05,,0.0001206203014589,v1
,0.0236519444733858,,,531,,,,5.221008905209601e-05,,3.203583401045762e-05,,0.999775528907776,,1.6678659449098632e-05,,1.9440143660176545e-05,,0.000104053528048,v1
,0.0239630490541458,,,532,,,,4.9646747356746346e-05,,3.027410275535658e-05,,0.9997842311859132,,1.5656578398193233e-05,,1.877061185950879e-05,,0.0001014223671518,v1
,0.0251370500773191,,,533,,,,5.605798651231453e-05,,3.310969623271376e-05,,0.9997619390487672,,1.753052492858842e-05,,2.060065344267059e-05,,0.00011074381473,v1
,0.025048604235053,,,534,,,,5.783899177913554e-05,,3.567965904949233e-05,,0.9997466802597046,,1.827360574679915e-05,,2.371139635215513e-05,,0.0001178161110146,v1
,0.0237655602395534,,,535,,,,5.137291009305045e-05,,3.1875511922407895e-05,,0.9997718930244446,,1.6555655747652054e-05,,1.989245538425166e-05,,0.0001084172545233,v1
,0.0237971264868974,,,536,,,,6.286756251938641e-05,,4.280052962712944e-05,,0.999724805355072,,2.186498386436142e-05,,2.6765774236992e-05,,0.0001209260517498,v1
,0.0231033749878406,,,537,,,,6.206689431564882e-05,,3.7249330489430577e-05,,0.9997342228889464,,1.9782353774644434e-05,,2.2718664695275947e-05,,0.0001239645498571,v1
,0.0221631228923797,,,538,,,,5.151927325641736e-05,,3.2683594326954335e-05,,0.9997693300247192,,1.652971695875749e-05,,1.975542909349315e-05,,0.0001101120287785,v1
,0.0245512295514345,,,539,,,,5.223246989771724e-05,,3.290338645456359e-05,,0.9997705221176147,,1.641556082176976e-05,,2.025487265200354e-05,,0.000107673513412,v1
,0.0237799081951379,,,540,,,,5.1862858526874334e-05,,3.1753301300341263e-05,,0.9997684359550476,,1.6084381059044972e-05,,2.013895573327318e-05,,0.0001116947896662,v1
,0.0232273209840059,,,541,,,,4.935927427140996e-05,,2.934723670477979e-05,,0.999786615371704,,1.5000265193521043e-05,,1.7911977920448408e-05,,0.0001017851172946,v1
,0.0248715672641992,,,542,,,,4.792068648384884e-05,,2.9090133466525003e-05,,0.9997895956039428,,1.444621739210561e-05,,1.7829463104135357e-05,,0.000101067169453,v1
,0.0259137712419033,,,543,,,,5.409707227954641e-05,,3.486384593998082e-05,,0.9997612833976746,,1.7827936972025782e-05,,2.0093113562325016e-05,,0.0001117843203246,v1
0.0244044158607721,,31.0,0.0244044158607721,191,,,5.4395466577261686e-05,,3.346502853673883e-05,,0.9997637271881104,,1.7293357814196497e-05,,2.0560084522003308e-05,,0.0001104883194784,,v1
0.0090999249368906,,31.0,,191,0.0090999249368906,,7.656661182409152e-05,,4.853160498896614e-05,,0.9996631145477296,,2.4420929548796263e-05,,3.016778100572992e-05,,0.0001571110769873,,v1
,0.0252398010343313,,,544,,,,5.392881575971842e-05,,3.4389697248116136e-05,,0.9997661113739014,,1.7914442651090212e-05,,2.189891893067397e-05,,0.0001057767221936,v1
,0.0234264377504587,,,545,,,,4.132841058890335e-05,,2.4512806703569368e-05,,0.9998176097869872,,1.2091708413208837e-05,,1.5103757505130488e-05,,8.93703690962866e-05,v1
,0.023316990584135,,,546,,,,4.488441481953487e-05,,2.626818786666263e-05,,0.999804139137268,,1.3418271919363178e-05,,1.639748370507732e-05,,9.485974442213774e-05,v1
,0.0248588509857654,,,547,,,,5.217987200012431e-05,,3.336681402288377e-05,,0.9997730255126952,,1.6955167666310444e-05,,1.9860184693243355e-05,,0.0001046190955094,v1
,0.0225938819348812,,,548,,,,4.828592136618681e-05,,2.808589124470018e-05,,0.9997904896736144,,1.4606755939894356e-05,,1.7316888261120766e-05,,0.000101185782114,v1
,0.0266516674309968,,,549,,,,5.354294262360781e-05,,3.489453229121864e-05,,0.9997661113739014,,1.8334332708036527e-05,,2.017044971580617e-05,,0.0001069647987606,v1
,0.0262543708086013,,,550,,,,5.926357698626816e-05,,3.615372042986564e-05,,0.999744176864624,,1.9433004126767628e-05,,2.2847792934044264e-05,,0.0001181147817987,v1
,0.0251436308026313,,,551,,,,5.713552673114464e-05,,3.387074684724212e-05,,0.9997613430023192,,1.8344067939324304e-05,,2.069609035970643e-05,,0.0001086204720195,v1
,0.0247300192713737,,,552,,,,4.271644138498232e-05,,2.656682045198977e-05,,0.9998106360435486,,1.3647080777445808e-05,,1.633587817195803e-05,,9.01172825251706e-05,v1
,0.0240660235285758,,,553,,,,4.884432564722374e-05,,2.8057875169906765e-05,,0.9997950196266174,,1.4908410776115488e-05,,1.6504956874996424e-05,,9.660871000960468e-05,v1
,0.0262005720287561,,,554,,,,4.836666994378902e-05,,2.8412685423973016e-05,,0.999794900417328,,1.48774834087817e-05,,1.694477214186918e-05,,9.64914943324402e-05,v1
,0.0265982747077941,,,555,,,,4.035934762214311e-05,,2.4544493498979136e-05,,0.999819040298462,,1.194694596051704e-05,,1.469497692596633e-05,,8.947138849180192e-05,v1
,0.023635134100914,,,556,,,,6.111115362728015e-05,,3.85076564271003e-05,,0.999738872051239,,2.085917003569193e-05,,2.2954753148951568e-05,,0.0001177111989818,v1
,0.0251240953803062,,,557,,,,5.8543679188005626e-05,,3.712264879141003e-05,,0.9997443556785583,,1.928109850268811e-05,,2.258037420688197e-05,,0.0001181086045107,v1
,0.0227284356951713,,,558,,,,4.5539389248006046e-05,,2.762659096333664e-05,,0.9997965097427368,,1.3630220564664342e-05,,1.7008138456731103e-05,,9.961210889741778e-05,v1
,0.0239376109093427,,,559,,,,5.686219083145261e-05,,3.5816487070405856e-05,,0.9997524619102478,,1.776568387867883e-05,,2.2171383534441705e-05,,0.0001149235904449,v1
,0.0236716903746128,,,560,,,,4.962306411471218e-05,,2.972782567667309e-05,,0.9997811913490297,,1.5262901797541417e-05,,1.8792336049955335e-05,,0.0001053706218954,v1
0.0245986748486757,,32.0,0.0245986748486757,197,,,5.073622378404252e-05,,3.105443829554133e-05,,0.9997797608375548,,1.6075102394097485e-05,,1.895759669423569e-05,,0.0001034074521157,,v1
0.0089170671999454,,32.0,,197,0.0089170671999454,,7.464607188012451e-05,,4.745653495774605e-05,,0.9996719360351562,,2.4055290850810707e-05,,2.9466424166457728e-05,,0.00015256574261,,v1
,0.0088359545916318,33.0,,199,,0.0088359545916318,,7.592835754621774e-05,,4.803329284186475e-05,,0.9996673464775084,,2.442251570755616e-05,,2.9489323424058966e-05,,0.0001548036379972,v1
,0.0267330408096313,,,561,,,,4.829704266740009e-05,,2.915587174356915e-05,,0.9997901320457458,,1.4980192645452917e-05,,1.7672604371909983e-05,,9.970638348022476e-05,v1
,0.0242767464369535,,,562,,,,4.300261934986338e-05,,2.5749810447450727e-05,,0.9998088479042052,,1.2997545127291232e-05,,1.5567395166726783e-05,,9.38090670388192e-05,v1
,0.0243671145290136,,,563,,,,5.26960902789142e-05,,3.265664781793021e-05,,0.999768853187561,,1.7120115444413386e-05,,2.041809420916252e-05,,0.0001082869348465,v1
,0.0254834629595279,,,564,,,,5.975729436613619e-05,,3.846146137220785e-05,,0.9997442364692688,,2.0971174308215268e-05,,2.355005926801823e-05,,0.000113033587695,v1
,0.0240805353969335,,,565,,,,4.703209924628027e-05,,2.927238165284507e-05,,0.9997954368591307,,1.505979525973089e-05,,1.769226582837291e-05,,9.546779619995505e-05,v1
,0.0255259368568658,,,566,,,,4.319522486184724e-05,,2.507305543986149e-05,,0.9998140335083008,,1.2972437616554087e-05,,1.5233460544550326e-05,,8.951436029747128e-05,v1
,0.023202508687973,,,567,,,,7.242904393933713e-05,,4.534978506853804e-05,,0.9996962547302246,,2.425388083793223e-05,,2.725835656747222e-05,,0.0001344365591648,v1
,0.0238773208111524,,,568,,,,4.8580466682324186e-05,,3.179227496730164e-05,,0.9997847080230712,,1.562709076097235e-05,,1.9441384210949764e-05,,9.984073403757066e-05,v1
,0.0233674198389053,,,569,,,,4.622195410775021e-05,,2.866072281904053e-05,,0.9997963905334472,,1.4720737453899346e-05,,1.7617223420529626e-05,,9.638989286031574e-05,v1
,0.0228959582746028,,,570,,,,6.788356404285878e-05,,3.893904795404524e-05,,0.99972403049469,,2.239110654045362e-05,,2.3853182938182727e-05,,0.0001229111076099,v1
,0.0264793429523706,,,571,,,,4.664261359721422e-05,,2.8125783501309343e-05,,0.9997965693473816,,1.450508352718316e-05,,1.70778002939187e-05,,9.708290599519388e-05,v1
,0.0257956739515066,,,572,,,,4.594182973960415e-05,,2.886973015847616e-05,,0.9997984170913696,,1.4542848475684876e-05,,1.762744432198815e-05,,9.463474270887672e-05,v1
,0.0259278006851673,,,573,,,,4.1762694308999926e-05,,2.472981941537e-05,,0.9998157024383544,,1.2255235560587607e-05,,1.5416448150062934e-05,,9.00843442650512e-05,v1
,0.0250932890921831,,,574,,,,4.776396963279694e-05,,2.9355504011618905e-05,,0.999795377254486,,1.5258028724929318e-05,,1.7548805772094056e-05,,9.46758664213121e-05,v1
,0.0226209089159965,,,575,,,,5.544099258258939e-05,,3.706545248860493e-05,,0.9997549653053284,,1.9276314560556784e-05,,2.177628630306572e-05,,0.0001114414262701,v1
,0.0230054520070552,,,576,,,,4.916459511150606e-05,,2.8885855499538596e-05,,0.9997903108596802,,1.448405146220466e-05,,1.7629427020438015e-05,,9.94944857666269e-05,v1
,0.0247643459588289,,,577,,,,5.231163959251717e-05,,3.12076008412987e-05,,0.999773383140564,,1.6630723621346988e-05,,2.0067011064384133e-05,,0.000106390521978,v1
0.0245586410164833,,33.0,0.0245586391538381,203,,,5.106610478833318e-05,,3.137357271043584e-05,,0.9997792840003968,,1.6355666957679205e-05,,1.9143953977618366e-05,,0.0001027765247272,,v1
0.0086538614705204,,33.0,,203,0.0086538614705204,,7.065226964186877e-05,,4.454542067833245e-05,,0.9996901750564576,,2.2606000129599124e-05,,2.728740946622565e-05,,0.0001447365211788,,v1
,0.0249622650444507,,,578,,,,3.784809814533219e-05,,2.2858848751639016e-05,,0.9998327493667604,,1.1381273907318246e-05,,1.4038119843462482e-05,,8.109483314910904e-05,v1
,0.0231880769133567,,,579,,,,4.844330396736041e-05,,2.855665843526367e-05,,0.999795138835907,,1.4970250049373137e-05,,1.6798978322185576e-05,,9.612218127585948e-05,v1
,0.0237365122884511,,,580,,,,4.178844392299652e-05,,2.603717075544409e-05,,0.9998149871826172,,1.3233578101790044e-05,,1.5591271221637726e-05,,8.834955224301666e-05,v1
,0.0267725829035043,,,581,,,,3.866830957122147e-05,,2.3013888494460844e-05,,0.9998300075531006,,1.1497702871565709e-05,,1.3721466530114412e-05,,8.314757724292576e-05,v1
,0.0228839609771966,,,582,,,,4.2502389987930655e-05,,2.673634662642144e-05,,0.9998111724853516,,1.3888906323700212e-05,,1.632354178582318e-05,,8.93854521564208e-05,v1
,0.0235648918896913,,,583,,,,4.558641376206651e-05,,2.697417585295625e-05,,0.9998063445091248,,1.3616715477837715e-05,,1.5885281754890457e-05,,9.16062417672947e-05,v1
,0.0231127683073282,,,584,,,,5.497389429365285e-05,,3.4698845411185175e-05,,0.9997601509094238,,1.8317026842851192e-05,,2.164832585549448e-05,,0.0001101929374272,v1
,0.0249185059219598,,,585,,,,6.019097054377198e-05,,3.7355908716563135e-05,,0.9997439980506896,,2.0546289306366816e-05,,2.270817276439629e-05,,0.0001151903052232,v1
,0.0257793013006448,,,586,,,,4.058276681462303e-05,,2.404760380159132e-05,,0.9998207092285156,,1.2157920536992606e-05,,1.4703710803587455e-05,,8.780905773164704e-05,v1
,0.0232854131609201,,,587,,,,4.789692320628092e-05,,2.8669299354078248e-05,,0.9997918605804444,,1.49613579196739e-05,,1.7368027329212055e-05,,9.921068703988568e-05,v1
,0.0242586117237806,,,588,,,,4.776639252668247e-05,,2.9219809221103787e-05,,0.999792218208313,,1.544667247799225e-05,,1.7866623238660395e-05,,9.740786481415852e-05,v1
,0.0256136432290077,,,589,,,,3.740347165148705e-05,,2.1355197532102466e-05,,0.9998378753662108,,1.081964455806883e-05,,1.3059912816970607e-05,,7.950785948196426e-05,v1
,0.024341681972146,,,590,,,,5.653847620123997e-05,,3.541584737831727e-05,,0.9997573494911194,,1.7981652490561828e-05,,2.0916533685522157e-05,,0.0001118255386245,v1
,0.0230506397783756,,,591,,,,5.484183566295542e-05,,3.538375676725991e-05,,0.9997612237930298,,1.9188712030882016e-05,,2.027601658483036e-05,,0.0001090503792511,v1
,0.0242286641150712,,,592,,,,4.2884967115242034e-05,,2.4771645257715136e-05,,0.9998149871826172,,1.2954462363268249e-05,,1.5052102753543297e-05,,8.942434214986861e-05,v1
,0.0258523616939783,,,593,,,,5.318514013197273e-05,,3.364698204677552e-05,,0.9997682571411132,,1.7450947780162096e-05,,2.114634662575554e-05,,0.0001063368472387,v1
,0.0257427729666233,,,594,,,,5.408508150139824e-05,,3.282492980360985e-05,,0.9997718334197998,,1.7545582522870973e-05,,1.9325736502651125e-05,,0.0001044320379151,v1
0.024428978562355,,34.0,0.0244289804250001,209,,,4.7363941121147946e-05,,2.891569965868257e-05,,0.9997947812080384,,1.505639374954626e-05,,1.7437067072023638e-05,,9.64760984061286e-05,,v1
0.0085371937602758,,34.0,,209,0.0085371937602758,,7.209093018900603e-05,,4.561485184240155e-05,,0.999684989452362,,2.343722735531628e-05,,2.8077793103875592e-05,,0.0001458734768675,,v1
,0.0222249887883663,,,595,,,,4.2515901441220194e-05,,2.5533256120979783e-05,,0.9998178482055664,,1.3227247109171005e-05,,1.549976150272414e-05,,8.534107473678887e-05,v1
,0.0240081958472728,,,596,,,,4.7443347284570336e-05,,2.7761296223616228e-05,,0.9997985363006592,,1.445153247914277e-05,,1.7403235688107088e-05,,9.43980921874754e-05,v1
,0.024942772462964,,,597,,,,3.646212280727923e-05,,2.1735584596171972e-05,,0.9998397827148438,,1.0870324331335723e-05,,1.3246874004835265e-05,,7.788597577018663e-05,v1
,0.0240856576710939,,,598,,,,5.605763726634905e-05,,3.307100269012153e-05,,0.9997639656066896,,1.8004171579377726e-05,,2.041155676124617e-05,,0.0001084575342247,v1
,0.0239981021732091,,,599,,,,4.649292168323882e-05,,2.959579433081672e-05,,0.9997968673706056,,1.5387804523925297e-05,,1.6883497664821334e-05,,9.47509179241024e-05,v1
,0.0256319027394056,,,600,,,,4.993428592570126e-05,,3.138556348858401e-05,,0.999786376953125,,1.642756978981197e-05,,1.894296110549476e-05,,9.694659092929214e-05,v1
,0.0229530110955238,,,601,,,,3.841466241283342e-05,,2.184867116739042e-05,,0.999835729598999,,1.0995829143212175e-05,,1.325928678852506e-05,,7.971342711243778e-05,v1
,0.0231323577463626,,,602,,,,4.833220737054944e-05,,3.099382956861518e-05,,0.9997894167900084,,1.5629966583219357e-05,,1.9236009393353012e-05,,9.636893810238688e-05,v1
,0.0227665938436985,,,603,,,,4.42116943304427e-05,,2.6109868485946208e-05,,0.999809503555298,,1.3623300219478551e-05,,1.579685340402648e-05,,9.067659266293048e-05,v1
,0.0257931146770715,,,604,,,,4.398530290927738e-05,,2.671995389391668e-05,,0.9998105764389038,,1.3284219676279465e-05,,1.5908908608253114e-05,,8.954659278970212e-05,v1
,0.0227443538606166,,,605,,,,4.933643504045904e-05,,3.165151792927645e-05,,0.9997841715812684,,1.6603589756414294e-05,,1.9361224985914305e-05,,9.889848297461867e-05,v1
,0.0239092968404293,,,606,,,,4.7771573008503765e-05,,2.944870720966719e-05,,0.999795377254486,,1.5648760381736793e-05,,1.7895417840918526e-05,,9.383572614751756e-05,v1
,0.021383624523878,,,607,,,,6.130235851742327e-05,,3.907874634023756e-05,,0.999735951423645,,2.124274215020705e-05,,2.4265324100269936e-05,,0.000118179974379,v1
,0.0252443309873342,,,608,,,,3.8556725485250354e-05,,2.2412448743125424e-05,,0.9998328685760498,,1.1355556125636213e-05,,1.364752279187087e-05,,8.115929085761309e-05,v1
,0.0228858198970556,,,609,,,,4.4564840209204704e-05,,2.6657329726731405e-05,,0.9998098015785216,,1.3495059647539163e-05,,1.5471621736651286e-05,,9.00325903785415e-05,v1
,0.0253992099314928,,,610,,,,5.783192682429217e-05,,3.607853432185948e-05,,0.999757707118988,,1.984115078812465e-05,,2.1572639525402337e-05,,0.000106882842374,v1
,0.0281052608042955,,,611,,,,4.332958633312956e-05,,2.5238061425625347e-05,,0.9998162388801576,,1.3301121725817213e-05,,1.513112692919094e-05,,8.672288822708651e-05,v1
0.0240710917860269,,35.0,0.0240710936486721,215,,,4.685550447902642e-05,,2.8548247428261675e-05,,0.9997988343238832,,1.4905290299793704e-05,,1.729022551444359e-05,,9.351750486530364e-05,,v1
0.0083964113146066,,35.0,,215,0.0083964113146066,,6.891097291372716e-05,,4.377223376650363e-05,,0.9996984004974364,,2.2548108972841877e-05,,2.65815579041373e-05,,0.0001395249564666,,v1
,0.0273759178817272,,,612,,,,3.853513408103026e-05,,2.3732874979032204e-05,,0.9998324513435364,,1.2223357771290466e-05,,1.4197049495123792e-05,,7.885377999627963e-05,v1
,0.0249575600028038,,,613,,,,4.108644498046488e-05,,2.466158548486419e-05,,0.9998222589492798,,1.2707429959846197e-05,,1.4629109500674533e-05,,8.4621824498754e-05,v1
,0.0246268026530742,,,614,,,,4.374776472104713e-05,,2.645764107001014e-05,,0.9998105764389038,,1.36031139845727e-05,,1.6654847058816813e-05,,8.893675112631172e-05,v1
,0.0234690196812152,,,615,,,,4.134565097047016e-05,,2.444953497615643e-05,,0.9998208284378052,,1.2573847016028594e-05,,1.4411742085940205e-05,,8.6389591160696e-05,v1
,0.0276138018816709,,,616,,,,5.137164771440439e-05,,3.3851061743916944e-05,,0.99977445602417,,1.7763815776561387e-05,,1.943158349604346e-05,,0.000103161415609,v1
,0.0229151584208011,,,617,,,,5.023785342928022e-05,,3.177393591613509e-05,,0.9997808933258056,,1.62799988174811e-05,,1.996713035623543e-05,,0.0001008352628559,v1
,0.0233559794723987,,,618,,,,4.081271254108288e-05,,2.467674494255334e-05,,0.9998236894607544,,1.2884801435575357e-05,,1.4632098100264557e-05,,8.325639646500349e-05,v1
,0.0220352355390787,,,619,,,,4.158727097092196e-05,,2.608292015793268e-05,,0.9998155832290648,,1.2834098015446216e-05,,1.558175245008897e-05,,8.833934407448396e-05,v1
,0.0251816418021917,,,620,,,,5.964807860436849e-05,,3.622757503762841e-05,,0.999753713607788,,1.999140840780456e-05,,2.210724414908327e-05,,0.0001083402021322,v1
,0.0238358937203884,,,621,,,,3.560076584108174e-05,,2.1135292627150196e-05,,0.9998427033424376,,1.0541809388087133e-05,,1.271219844056759e-05,,7.72596977185458e-05,v1
,0.024595484137535,,,622,,,,3.7338548281695694e-05,,2.323028456885368e-05,,0.9998346567153932,,1.1768667718570214e-05,,1.3874527212465182e-05,,7.908074621809646e-05,v1
,0.0222247615456581,,,623,,,,5.70742049603723e-05,,3.4562559449113905e-05,,0.999761998653412,,1.9070852431468666e-05,,2.0330822735559195e-05,,0.0001069709251169,v1
,0.0230358317494392,,,624,,,,3.950573955080472e-05,,2.340302671655081e-05,,0.9998267889022828,,1.2119870916649234e-05,,1.4287930753198452e-05,,8.391306619159877e-05,v1
,0.0221981462091207,,,625,,,,3.830058267340064e-05,,2.2789252398069948e-05,,0.9998315572738647,,1.1598069249885157e-05,,1.3768112694378942e-05,,8.195729606086388e-05,v1
,0.023307429626584,,,626,,,,5.213637632550672e-05,,2.978438169520814e-05,,0.999786138534546,,1.5923258615657687e-05,,1.77108813659288e-05,,9.826425230130552e-05,v1
,0.0244993418455123,,,627,,,,4.029375850223005e-05,,2.358214624109678e-05,,0.9998269081115724,,1.220627200382296e-05,,1.3866590961697511e-05,,8.30901408335194e-05,v1
,0.0221677664667367,,,628,,,,4.246982280164957e-05,,2.7653855795506388e-05,,0.9998120069503784,,1.4253611880121753e-05,,1.6182370018213987e-05,,8.742856152821332e-05,v1
0.0239644553512334,,36.0,0.0239644572138786,221,,,4.418190292199142e-05,,2.694439172046259e-05,,0.9998091459274292,,1.4020253729540856e-05,,1.6137999409693293e-05,,8.945289300754666e-05,,v1
0.008197983726859,,36.0,,221,0.008197983726859,,6.632535951212049e-05,,4.173490742687136e-05,,0.9997106790542604,,2.13915864151204e-05,,2.538160151743796e-05,,0.0001344906777376,,v1
,0.0227445550262928,,,629,,,,3.1309478799812496e-05,,1.8196598830400035e-05,,0.9998631477355956,,8.91547097126022e-06,,1.0830721294041725e-05,,6.761420809198171e-05,v1
,0.0234239771962165,,,630,,,,5.517104727914557e-05,,3.520362952258438e-05,,0.9997645020484924,,1.875299676612485e-05,,1.9436713046161455e-05,,0.0001069121281034,v1
,0.0232094954699277,,,631,,,,4.1742954635992646e-05,,2.5126348191406574e-05,,0.9998222589492798,,1.26551076391479e-05,,1.5391435226774774e-05,,8.282895578304306e-05,v1
,0.0224629696458578,,,632,,,,4.870278644375503e-05,,3.048811777262017e-05,,0.9997881650924684,,1.6215581126743928e-05,,1.9500861526466903e-05,,9.696301276562735e-05,v1
,0.0227029286324977,,,633,,,,4.772669490193948e-05,,2.899079117923975e-05,,0.999797821044922,,1.4767641005164478e-05,,1.6607056750217453e-05,,9.409232006873935e-05,v1
,0.0232209302484989,,,634,,,,4.076053301105276e-05,,2.510351077944506e-05,,0.9998252987861632,,1.3101249351166189e-05,,1.4720342733198777e-05,,8.098947000689805e-05,v1
,0.0219704359769821,,,635,,,,4.7427325625903904e-05,,2.8277154342504215e-05,,0.9998005032539368,,1.5345034626079723e-05,,1.6997848433675244e-05,,9.142292401520535e-05,v1
,0.0255369078367948,,,636,,,,3.378283872734755e-05,,1.9872721168212596e-05,,0.9998510479927064,,1.0070711141452192e-05,,1.224249444931047e-05,,7.29715102352202e-05,v1
,0.0244331639260053,,,637,,,,4.151123357587494e-05,,2.4415076040895656e-05,,0.9998201727867126,,1.2634524864552075e-05,,1.498624260420911e-05,,8.629645162727684e-05,v1
,0.024330660700798,,,638,,,,3.767945599975064e-05,,2.1834319340996444e-05,,0.9998383522033693,,1.1338059266563503e-05,,1.3383906662056688e-05,,7.745051698293537e-05,v1
,0.0228049904108047,,,639,,,,4.9462163588032126e-05,,3.109886893071234e-05,,0.9997894763946532,,1.6847794540808536e-05,,1.827810046961531e-05,,9.477997082285584e-05,v1
,0.0249392893165349,,,640,,,,4.533644460025244e-05,,2.895426950999536e-05,,0.9998015761375428,,1.5323126717703417e-05,,1.7509013559902087e-05,,9.127795783570036e-05,v1
,0.026035925373435,,,641,,,,4.152410474489443e-05,,2.5320103304693475e-05,,0.9998228549957277,,1.3322613995114809e-05,,1.5164425349212252e-05,,8.180411532521248e-05,v1
,0.0227377358824014,,,642,,,,3.942190232919529e-05,,2.304211739101447e-05,,0.9998310804367064,,1.2016511391266247e-05,,1.3677316019311547e-05,,8.080386760411784e-05,v1
,0.0245527699589729,,,643,,,,5.4088082833914086e-05,,3.313404158689082e-05,,0.9997698664665222,,1.8016400645137765e-05,,2.0053408661624417e-05,,0.0001048367485054,v1
,0.0224850885570049,,,644,,,,4.457553586689755e-05,,2.8144477255409583e-05,,0.9998069405555724,,1.4165116226649843e-05,,1.711471486487426e-05,,8.90837618499063e-05,v1
,0.0222598575055599,,,645,,,,4.40907824668102e-05,,2.45707924477756e-05,,0.999819040298462,,1.3553211829275824e-05,,1.459130726289004e-05,,8.41122237034142e-05,v1
0.0235206875950098,,37.0,0.0235206875950098,227,,,4.3783136788988486e-05,,2.6574876756058075e-05,,0.9998125433921814,,1.3943597878096624e-05,,1.5910936781438068e-05,,8.730824629310519e-05,,v1
0.0080049810931086,,37.0,,227,0.0080049810931086,,6.653270975220948e-05,,4.226003147778101e-05,,0.9997096657752992,,2.173270513594616e-05,,2.554694765422028e-05,,0.0001343875192105,,v1
,0.0237342584878206,,,646,,,,3.8848607800900936e-05,,2.2445092326961454e-05,,0.9998379945755004,,1.2153694115113469e-05,,1.366056312690489e-05,,7.48966122046113e-05,v1
,0.0237383600324392,,,647,,,,4.1422499634791166e-05,,2.5259945687139407e-05,,0.9998230934143066,,1.3165516065782867e-05,,1.5229627933877056e-05,,8.187017374439165e-05,v1
,0.022489869967103,,,648,,,,4.183557030046359e-05,,2.5631317839724943e-05,,0.9998201727867126,,1.3632685295306146e-05,,1.5113957488210872e-05,,8.358829654753208e-05,v1
,0.0259439460933208,,,649,,,,4.223604628350586e-05,,2.86471113213338e-05,,0.999814748764038,,1.4210625522537155e-05,,1.673621045483742e-05,,8.341069042216986e-05,v1
,0.0239145923405885,,,650,,,,4.310440272092819e-05,,2.3862581656430848e-05,,0.9998241066932678,,1.3259318620839622e-05,,1.4001010640640745e-05,,8.159478602465242e-05,v1
,0.0243171770125627,,,651,,,,3.419334825593978e-05,,2.051900082733482e-05,,0.9998492002487184,,1.0246785677736623e-05,,1.2348476957413368e-05,,7.348986400756985e-05,v1
,0.0250414162874221,,,652,,,,3.759557876037434e-05,,2.1845886294613592e-05,,0.9998397827148438,,1.125684048020048e-05,,1.3280059647513554e-05,,7.619491952937096e-05,v1
,0.0217441748827695,,,653,,,,4.773102409671992e-05,,2.8401263989508152e-05,,0.9998016357421876,,1.540035373182036e-05,,1.7204911273438483e-05,,8.95842385943979e-05,v1
,0.0221551991999149,,,654,,,,3.81955542252399e-05,,2.3291344405151904e-05,,0.999833047389984,,1.1585816537262872e-05,,1.4354458471643738e-05,,7.950533472467214e-05,v1
,0.0239306706935167,,,655,,,,4.659251135308296e-05,,2.805331678246148e-05,,0.9998034238815308,,1.460924613638781e-05,,1.6471822164021432e-05,,9.08856454771012e-05,v1
,0.0252641253173351,,,656,,,,3.9260645280592144e-05,,2.336660327273421e-05,,0.9998288154602052,,1.2202191101096105e-05,,1.426383460056968e-05,,8.210374653572217e-05,v1
,0.0236574243754148,,,657,,,,4.960437945555896e-05,,3.153595753246918e-05,,0.999789297580719,,1.6781090380391106e-05,,1.9456827430985868e-05,,9.331940236734226e-05,v1
,0.0221168901771307,,,658,,,,3.958059460273944e-05,,2.3148029868025333e-05,,0.9998302459716796,,1.2163615792815108e-05,,1.378175693389494e-05,,8.110022463370115e-05,v1
,0.0250606462359428,,,659,,,,4.92927611048799e-05,,3.0362843972397968e-05,,0.9997912645339966,,1.6610021702945232e-05,,1.875983070931397e-05,,9.36837459448725e-05,v1
,0.0247223693877458,,,660,,,,4.1131854231934994e-05,,2.4030436179600656e-05,,0.9998244047164916,,1.276654984394554e-05,,1.4267823644331656e-05,,8.340495696756989e-05,v1
,0.0219133310019969,,,661,,,,4.130673187319189e-05,,2.6409303245600316e-05,,0.9998174905776978,,1.3375096386880614e-05,,1.6359372239094228e-05,,8.504577999701723e-05,v1
,0.0242387019097805,,,662,,,,4.992656613467261e-05,,3.180895510013215e-05,,0.9997860789299012,,1.7344942534691654e-05,,1.7276988728553988e-05,,9.759181557456031e-05,v1
0.0237637143582105,,38.0,0.0237637143582105,233,,,4.246227763360366e-05,,2.580111322458833e-05,,0.9998184442520142,,1.357437577098608e-05,,1.544514816487208e-05,,8.419236837653443e-05,,v1
0.0077876704744994,,38.0,,233,0.0077876704744994,,6.449858483392745e-05,,4.029124102089554e-05,,0.9997203946113586,,2.0835377654293552e-05,,2.4424734874628484e-05,,0.000129698019009,,v1
,0.0221684258431196,,,663,,,,3.6368648579809815e-05,,2.1348609152482823e-05,,0.9998419880867004,,1.0924190974037629e-05,,1.2860802598879673e-05,,7.655472290934995e-05,v1
,0.0260850246995687,,,664,,,,4.159245872870088e-05,,2.580161344667431e-05,,0.9998201727867126,,1.3632314221467824e-05,,1.56430178321898e-05,,8.314639126183465e-05,v1
,0.0232151877135038,,,665,,,,4.535730113275349e-05,,2.555181163188536e-05,,0.9998146891593932,,1.4658343388873618e-05,,1.537073330837302e-05,,8.439187513431534e-05,v1
,0.0243969373404979,,,666,,,,5.082819552626461e-05,,3.251846646890044e-05,,0.9997867345809937,,1.7741007468430325e-05,,2.0030636733281423e-05,,9.214296733262016e-05,v1
,0.0223189797252416,,,667,,,,4.066254768986255e-05,,2.3434993636328727e-05,,0.9998292922973632,,1.286123733734712e-05,,1.402562156727072e-05,,7.970639853738248e-05,v1
,0.0234672874212265,,,668,,,,4.0207738493336365e-05,,2.373517054365948e-05,,0.9998325109481812,,1.2769312888849528e-05,,1.4023225958226249e-05,,7.667409954592586e-05,v1
,0.0261047706007957,,,669,,,,3.744497371371836e-05,,2.37955609918572e-05,,0.9998340606689452,,1.2149635040259454e-05,,1.4272848602558952e-05,,7.830870890757069e-05,v1
,0.021630972623825,,,670,,,,3.7241778045427054e-05,,2.099326957250014e-05,,0.9998436570167542,,1.110509765567258e-05,,1.243927727045957e-05,,7.459250628016889e-05,v1
,0.0227843672037124,,,671,,,,4.596625149133615e-05,,2.9244733013911173e-05,,0.999802589416504,,1.534452530904673e-05,,1.6789996152510867e-05,,9.008405322674662e-05,v1
,0.0227795932441949,,,672,,,,4.275836545275524e-05,,2.77112649200717e-05,,0.9998141527175904,,1.4715785255248193e-05,,1.6084137314464897e-05,,8.457115472992882e-05,v1
,0.0225015580654144,,,673,,,,3.822815779130906e-05,,2.2666106815449893e-05,,0.999838888645172,,1.2369418982416391e-05,,1.3305801076057833e-05,,7.450000703101978e-05,v1
,0.0224208272993564,,,674,,,,4.1183902794728056e-05,,2.4723596652620472e-05,,0.9998268485069276,,1.3294438758748583e-05,,1.455458186683245e-05,,7.945497782202438e-05,v1
,0.022995738312602,,,675,,,,3.827353430096992e-05,,2.4311761080753055e-05,,0.9998289346694946,,1.1524702131282538e-05,,1.4024863958184142e-05,,8.294602594105527e-05,v1
,0.0210363883525133,,,676,,,,3.567116436897777e-05,,2.024660716415383e-05,,0.9998483657836914,,1.0602626389299983e-05,,1.2002268704236483e-05,,7.309259672183543e-05,v1
,0.0251864716410636,,,677,,,,3.870482760248706e-05,,2.3176788090495396e-05,,0.999833643436432,,1.173970758827636e-05,,1.3898425095248967e-05,,7.885388913564384e-05,v1
,0.0233473926782608,,,678,,,,3.9836231735534966e-05,,2.4188109819078815e-05,,0.999824285507202,,1.2492811947595328e-05,,1.4620442016166637e-05,,8.458532101940364e-05,v1
,0.0213593244552612,,,679,,,,3.3478878322057426e-05,,1.972869722521864e-05,,0.9998540878295898,,1.0013679457188118e-05,,1.1699341484927572e-05,,7.100850052665919e-05,v1
0.0231646616011858,,39.0,0.0231646616011858,239,,,4.022381835966371e-05,,2.430453605484217e-05,,0.9998278617858888,,1.28199317259714e-05,,1.4449766240431929e-05,,8.02714130259119e-05,,v1
0.0076813451014459,,39.0,,239,0.0076813451014459,,6.471876986324787e-05,,4.0731265471549705e-05,,0.9997197985649108,,2.114548988174647e-05,,2.4672519430168904e-05,,0.0001286843180423,,v1
,0.0233386177569627,,,680,,,,3.5992175980936736e-05,,2.1408748580142856e-05,,0.9998435974121094,,1.0845496944966726e-05,,1.2741256796289235e-05,,7.542638195445761e-05,v1
,0.0232740268111228,,,681,,,,4.875061858911067e-05,,3.1120907806325704e-05,,0.9997920989990234,,1.7224785551661626e-05,,1.8070455553242937e-05,,9.27098299143836e-05,v1
,0.0241637229919433,,,682,,,,3.785908847930841e-05,,2.410312845313456e-05,,0.9998371601104736,,1.2626669558812864e-05,,1.432267436030088e-05,,7.390430255327374e-05,v1
,0.0234856158494949,,,683,,,,4.8637295549269766e-05,,3.123007991234772e-05,,0.9997938871383668,,1.655042069614865e-05,,1.8920083675766364e-05,,9.073886030819268e-05,v1
,0.0235722623765468,,,684,,,,4.363851621747017e-05,,2.481648334651254e-05,,0.9998219013214112,,1.4109995390754191e-05,,1.44807372635114e-05,,8.106364111881703e-05,v1
,0.0219594929367303,,,685,,,,3.940879105357453e-05,,2.3300983230001293e-05,,0.9998319745063782,,1.192228137369966e-05,,1.3514409147319384e-05,,7.984524563653395e-05,v1
,0.0276711620390415,,,686,,,,2.97568149107974e-05,,1.739925573929213e-05,,0.9998693466186525,,8.672763215145096e-06,,1.0217305316473356e-05,,6.454856338677928e-05,v1
,0.0249862186610698,,,687,,,,4.672328941524029e-05,,3.0337832868099213e-05,,0.999799370765686,,1.536955460323952e-05,,1.7492162442067638e-05,,9.065488120540977e-05,v1
,0.0238842628896236,,,688,,,,3.889339859597385e-05,,2.2926620658836327e-05,,0.9998335838317872,,1.191570481751114e-05,,1.4783394362893889e-05,,7.784459739923477e-05,v1
,0.0223344210535287,,,689,,,,3.3754316973499954e-05,,1.9709577827597968e-05,,0.9998548030853271,,1.0225454389001245e-05,,1.2000984497717582e-05,,6.944791675778106e-05,v1
,0.0226308181881904,,,690,,,,5.226720531936735e-05,,3.121812915196642e-05,,0.9997847080230712,,1.75532913999632e-05,,1.8497776181902736e-05,,9.577472519595176e-05,v1
,0.0252931751310825,,,691,,,,4.206498124403879e-05,,2.5121245926129632e-05,,0.9998211860656738,,1.362094008072745e-05,,1.5034898751764558e-05,,8.305424125865102e-05,v1
,0.0233878623694181,,,692,,,,3.469312650850043e-05,,2.0172765289316885e-05,,0.9998517036437988,,1.0642219422152266e-05,,1.2187543688924052e-05,,7.059972267597914e-05,v1
,0.0235967114567756,,,693,,,,3.843832018901594e-05,,2.3760439944453537e-05,,0.9998314380645752,,1.1768769581976812e-05,,1.463179251004476e-05,,7.998658838914707e-05,v1
,0.0244701970368623,,,694,,,,3.826673128060065e-05,,2.3732507543172687e-05,,0.9998358488082886,,1.2700838851742446e-05,,1.393389447912341e-05,,7.548842404503375e-05,v1
,0.0256903246045112,,,695,,,,3.505587665131316e-05,,1.9849361706292257e-05,,0.9998522996902466,,1.0560766895650886e-05,,1.197597066493472e-05,,7.025878585409373e-05,v1
,0.0221111699938774,,,696,,,,4.315390106057748e-05,,2.65172293438809e-05,,0.999816119670868,,1.423334288119804e-05,,1.6007512385840528e-05,,8.39305721456185e-05,v1
0.0238735321909189,,40.0,0.0238735321909189,245,,,4.043260923936032e-05,,2.451325417496264e-05,,0.9998276829719543,,1.297313610848505e-05,,1.4636048945249058e-05,,7.972219464136288e-05,,v1
0.0075564901344478,,40.0,,245,0.0075564901344478,,6.304698763415217e-05,,3.941274553653784e-05,,0.9997274875640868,,2.056705125141889e-05,,2.367497290833853e-05,,0.0001256967807421,,v1
,0.007619849871844,41.0,,249,,0.007619849871844,,5.372264786274173e-05,,3.266355270170607e-05,,0.9997642040252686,,1.7078875316656195e-05,,2.0003764802822843e-05,,0.0001123328693211,v1
,0.0271706786006689,,,697,,,,3.34108408424072e-05,,2.0407089323271063e-05,,0.9998525381088256,,1.035144305205904e-05,,1.2502438039518893e-05,,7.077994087012485e-05,v1
,0.0233809649944305,,,698,,,,3.6441098927753046e-05,,2.244723873445764e-05,,0.999844253063202,,1.1432870451244526e-05,,1.315118424827233e-05,,7.225853187264875e-05,v1
,0.0247225500643253,,,699,,,,4.424851067597047e-05,,2.7517482521943748e-05,,0.9998106956481934,,1.524897106719436e-05,,1.5588771930197254e-05,,8.672456169733778e-05,v1
,0.0223982650786638,,,700,,,,3.575353912310675e-05,,2.122896330547519e-05,,0.9998465180397034,,1.1166694093844852e-05,,1.2214881280669942e-05,,7.307830674108118e-05,v1
,0.0215626023709774,,,701,,,,3.3821226679719985e-05,,1.9766712284763344e-05,,0.999853491783142,,1.014988447423093e-05,,1.17542458610842e-05,,7.10095846443437e-05,v1
,0.023542271926999,,,702,,,,3.294151247246191e-05,,1.8578752133180387e-05,,0.9998601078987122,,1.000452903099358e-05,,1.1060447832278442e-05,,6.728142034262419e-05,v1
,0.0225156601518392,,,703,,,,3.802758874371648e-05,,2.30415680562146e-05,,0.9998382329940796,,1.2405638699419796e-05,,1.3493643564288504e-05,,7.477841427316889e-05,v1
,0.0216884743422269,,,704,,,,3.831329377135262e-05,,2.407110514468513e-05,,0.999832272529602,,1.1855927368742414e-05,,1.4891977116349152e-05,,7.854527211748064e-05,v1
,0.0262941718101501,,,705,,,,3.22459454764612e-05,,1.973738471860997e-05,,0.9998600482940674,,1.0230784027953632e-05,,1.1827605703729205e-05,,6.59348806948401e-05,v1
,0.0211003441363573,,,706,,,,4.645371154765599e-05,,2.8220847525517456e-05,,0.999809503555298,,1.6021884221117944e-05,,1.6047595636337064e-05,,8.3797553088516e-05,v1
,0.023195881396532,,,707,,,,3.5399825719650835e-05,,1.9690389308379963e-05,,0.9998540878295898,,1.0750658475444652e-05,,1.1450374586274847e-05,,6.865568866487592e-05,v1
,0.0238812249153852,,,708,,,,3.462127278908156e-05,,2.164155011996627e-05,,0.9998470544815063,,1.0999918231391348e-05,,1.2424380656739231e-05,,7.321581506403163e-05,v1
,0.0238402690738439,,,709,,,,3.8021462387405336e-05,,2.3518867237726223e-05,,0.9998376369476318,,1.1675514542730523e-05,,1.3173990737413988e-05,,7.596425712108612e-05,v1
,0.0248350594192743,,,710,,,,4.243933653924614e-05,,2.4881712306523696e-05,,0.9998244047164916,,1.38369341584621e-05,,1.5111892935237847e-05,,7.93786603026092e-05,v1
,0.0209094770252704,,,711,,,,3.282253601355478e-05,,2.0052069885423407e-05,,0.9998582005500792,,1.0345203008910175e-05,,1.196265293401666e-05,,6.658525671809912e-05,v1
,0.0226482469588518,,,712,,,,4.41715819761157e-05,,2.770653372863308e-05,,0.9998115301132202,,1.5200598681985866e-05,,1.652504943194799e-05,,8.486692968290299e-05,v1
,0.0240668170154094,,,713,,,,4.170131069258787e-05,,2.405122540949378e-05,,0.9998263120651244,,1.275541762879584e-05,,1.4687935617985204e-05,,8.041514956858009e-05,v1
0.0233972333371639,,41.0,0.0233972333371639,251,,,3.769615068449639e-05,,2.2738793632015583e-05,,0.9998392462730408,,1.2025462638121098e-05,,1.340406288363738e-05,,7.489825657103211e-05,,v1
0.0074606756679713,,41.0,,251,0.0074606756679713,,6.134645809652284e-05,,3.85237653972581e-05,,0.9997344017028807,,2.003895497182384e-05,,2.304867484781425e-05,,0.0001225976593559,,v1
,0.02202426828444,,,714,,,,3.452357486821711e-05,,1.9669369066832587e-05,,0.999854564666748,,1.0497256880626082e-05,,1.158668237621896e-05,,6.916250276844949e-05,v1
,0.0219309944659471,,,715,,,,3.551570625859313e-05,,2.2449734387919307e-05,,0.9998485445976256,,1.1907201042049564e-05,,1.330582017544657e-05,,6.825576565461233e-05,v1
,0.025134602561593,,,716,,,,3.611354622989893e-05,,2.1672631191904657e-05,,0.999843180179596,,1.122651701734867e-05,,1.2486920240917245e-05,,7.522617670474574e-05,v1
,0.0250698123127222,,,717,,,,4.005419395980425e-05,,2.4216677047661506e-05,,0.9998300671577454,,1.230353518621996e-05,,1.4383729649125598e-05,,7.894919690443203e-05,v1
,0.0236920658499002,,,718,,,,3.906623533111997e-05,,2.378044518991373e-05,,0.9998346567153932,,1.283602887269808e-05,,1.443377732357476e-05,,7.519683276768774e-05,v1
,0.022295705974102,,,719,,,,4.033390723634511e-05,,2.405766281299293e-05,,0.9998316168785096,,1.286318729398772e-05,,1.423218782292679e-05,,7.686945900786668e-05,v1
,0.0247060023248195,,,720,,,,3.539427780197002e-05,,2.136750663339626e-05,,0.9998492002487184,,1.1057729352614842e-05,,1.2758860975736752e-05,,7.027386891422793e-05,v1
,0.0237914361059665,,,721,,,,3.3461328712292016e-05,,2.035558281932026e-05,,0.9998566508293152,,1.0646392183844e-05,,1.191870069305878e-05,,6.699557707179338e-05,v1
,0.0233918689191341,,,722,,,,3.4999982744921e-05,,2.032617339864373e-05,,0.9998522996902466,,1.0807201761053877e-05,,1.189172144222539e-05,,6.966074579395354e-05,v1
,0.0227664355188608,,,723,,,,3.7576130125671625e-05,,2.304173176526092e-05,,0.999838411808014,,1.2218501069583e-05,,1.382654045301024e-05,,7.495569298043847e-05,v1
,0.0237919818609952,,,724,,,,3.09211463900283e-05,,1.7710808606352657e-05,,0.999869465827942,,9.486113413004205e-06,,1.0234798537567258e-05,,6.214616587385535e-05,v1
,0.0231909472495317,,,725,,,,3.327242302475497e-05,,2.0527877495624125e-05,,0.999855935573578,,1.0715244570747018e-05,,1.239708399225492e-05,,6.710048182867467e-05,v1
,0.0224876776337623,,,726,,,,3.637190093286336e-05,,2.239431705675088e-05,,0.9998449087142944,,1.2023438102914952e-05,,1.3137531823304016e-05,,7.1179230872076e-05,v1
,0.0212238449603319,,,727,,,,4.5729389967164025e-05,,2.8696706067421477e-05,,0.9998066425323486,,1.5363717466243543e-05,,1.594925379322376e-05,,8.760504715610296e-05,v1
,0.0216792244464159,,,728,,,,4.258614353602752e-05,,2.4908178602345288e-05,,0.9998226165771484,,1.362234525004169e-05,,1.5241483197314665e-05,,8.101640560198575e-05,v1
,0.0221778582781553,,,729,,,,3.989096876466647e-05,,2.3498274458688684e-05,,0.9998332262039183,,1.285640973947011e-05,,1.443652763555292e-05,,7.610005559399724e-05,v1
,0.0220375265926122,,,730,,,,3.394421946723014e-05,,2.079998012050055e-05,,0.9998544454574584,,1.0972829841193745e-05,,1.2123786291340366e-05,,6.768765888409689e-05,v1
0.023023072630167,,42.0,0.0230230744928121,257,,,3.704441405716352e-05,,2.2321979486150667e-05,,0.9998427033424376,,1.1847273526655044e-05,,1.319678904110333e-05,,7.284594903467223e-05,,v1
0.007279640994966,,42.0,,257,0.007279640994966,,6.0375710745574906e-05,,3.7835103285033256e-05,,0.9997395873069764,,1.970896300917957e-05,,2.249113640573341e-05,,0.0001201277409563,,v1
,0.0233923327177763,,,731,,,,3.669551006169058e-05,,2.451163345540408e-05,,0.9998377561569214,,1.197285109810764e-05,,1.3877504898118788e-05,,7.519221253460273e-05,v1
,0.0215413570404052,,,732,,,,3.916969944839366e-05,,2.2884163627168164e-05,,0.9998397827148438,,1.2890386642538942e-05,,1.3826944268657826e-05,,7.15253408998251e-05,v1
,0.0234799552708864,,,733,,,,3.4493546991143376e-05,,2.0778148609679192e-05,,0.9998522400856018,,1.0757328709587456e-05,,1.23557265396812e-05,,6.931940879439935e-05,v1
,0.0223352685570716,,,734,,,,3.348619065945968e-05,,1.8514256225898865e-05,,0.9998610615730286,,1.0227164239040576e-05,,1.0825720892171375e-05,,6.589684198843315e-05,v1
,0.0233910232782363,,,735,,,,3.3931231882888824e-05,,1.9666193111334e-05,,0.9998558759689332,,1.0635798389557747e-05,,1.1854084732476622e-05,,6.804835720686242e-05,v1
,0.0205645971000194,,,736,,,,3.325860598124564e-05,,1.997831896005664e-05,,0.999856412410736,,1.026856443786528e-05,,1.173877353721764e-05,,6.835519161541015e-05,v1
,0.0237275715917348,,,737,,,,3.890402513206936e-05,,2.5099223421420905e-05,,0.9998308420181274,,1.3005128494114617e-05,,1.3680581105290912e-05,,7.848674431443214e-05,v1
,0.0235004667192697,,,738,,,,3.957079752581194e-05,,2.2921043637325056e-05,,0.9998349547386168,,1.2548285667435266e-05,,1.371826419926947e-05,,7.627249578945339e-05,v1
,0.021652890369296,,,739,,,,3.891664891852997e-05,,2.273199424962513e-05,,0.9998369812965392,,1.2389089533826336e-05,,1.3383041732595302e-05,,7.559520599897951e-05,v1
,0.0233475100249052,,,740,,,,3.724050475284457e-05,,2.2774347598897293e-05,,0.9998465180397034,,1.2520746167865582e-05,,1.2961669199285096e-05,,6.797916284995154e-05,v1
,0.0218009259551763,,,741,,,,3.8657672121189535e-05,,2.586602931842208e-05,,0.9998327493667604,,1.3372782632359304e-05,,1.5216653082461562e-05,,7.411990372929722e-05,v1
,0.022627430036664,,,742,,,,3.893358007189818e-05,,2.347807640035171e-05,,0.9998358488082886,,1.289264764636755e-05,,1.4120278137852438e-05,,7.471096614608541e-05,v1
,0.0226843599230051,,,743,,,,3.438858766457997e-05,,2.1040857973275703e-05,,0.9998512268066406,,1.112167228711769e-05,,1.2677339327638038e-05,,6.954722630325705e-05,v1
,0.0287506189197301,,,744,,,,3.4046064683934674e-05,,2.0041828975081444e-05,,0.9998540282249452,,1.034751403494738e-05,,1.2387780770950483e-05,,6.91210589138791e-05,v1
,0.0218946728855371,,,745,,,,4.367099609225989e-05,,2.6313533453503624e-05,,0.9998161792755128,,1.4495471987174824e-05,,1.53898072312586e-05,,8.39619169710204e-05,v1
,0.0214522890746593,,,746,,,,3.268617001594976e-05,,1.8627608369570225e-05,,0.999861478805542,,9.680834409664383e-06,,1.1363201338099316e-05,,6.61755257169716e-05,v1
,0.0228859391063451,,,747,,,,3.113115963060409e-05,,1.7475425920565613e-05,,0.999870240688324,,9.37568984227255e-06,,1.0282803486916237e-05,,6.152438436402008e-05,v1
0.0228840708732604,,43.0,0.0228840708732604,263,,,3.6422410630621016e-05,,2.1923688109382056e-05,,0.9998455047607422,,1.1676586836983915e-05,,1.2921186680614484e-05,,7.151951285777614e-05,,v1
0.0071548973210155,,43.0,,263,0.0071548973210155,,5.946960300207138e-05,,3.7142879591556266e-05,,0.9997447729110718,,1.948087265191134e-05,,2.2180269297678024e-05,,0.0001171106850961,,v1
,0.0207908321171998,,,748,,,,3.177357211825438e-05,,1.9117493138764985e-05,,0.9998616576194764,,9.685083568911068e-06,,1.1144532436446752e-05,,6.663546082563698e-05,v1
,0.0237252842634916,,,749,,,,3.915264460374601e-05,,2.2769387214793824e-05,,0.999836564064026,,1.2772939953720195e-05,,1.3690818377654068e-05,,7.50748731661588e-05,v1
,0.0236438084393739,,,750,,,,3.348277823533863e-05,,1.9285529560875148e-05,,0.99985933303833,,1.0496635695744772e-05,,1.1119341252197046e-05,,6.631440191995353e-05,v1
,0.0208668820559978,,,751,,,,4.208636164548807e-05,,2.345761822653003e-05,,0.9998297691345216,,1.351429909846047e-05,,1.409783635608619e-05,,7.702961738687009e-05,v1
,0.0241036750376224,,,752,,,,3.1244471756508574e-05,,1.9169607185176574e-05,,0.99986469745636,,1.001942655420862e-05,,1.1383106539142318e-05,,6.346702866721898e-05,v1
,0.0263946205377578,,,753,,,,3.945290154661052e-05,,2.4214705263148065e-05,,0.9998351335525512,,1.3214445061748847e-05,,1.4461107639363036e-05,,7.355082198046148e-05,v1
,0.021824249997735,,,754,,,,3.077334986301139e-05,,1.7776266759028658e-05,,0.999869704246521,,9.54777715378441e-06,,1.0372152246418407e-05,,6.174710142659023e-05,v1
,0.0209262371063232,,,755,,,,3.573127105482854e-05,,2.1183477656450123e-05,,0.999851405620575,,1.1275613360339776e-05,,1.2337513908278195e-05,,6.80570665281266e-05,v1
,0.0229321308434009,,,756,,,,4.896097379969433e-05,,3.1160871003521606e-05,,0.9997981786727904,,1.7179903807118535e-05,,1.8248400010634214e-05,,8.62470333231613e-05,v1
,0.0216369517147541,,,757,,,,4.237804751028307e-05,,2.855360071407631e-05,,0.9998170733451844,,1.430018528481014e-05,,1.5704468751209788e-05,,8.199166768463328e-05,v1
,0.0229026731103658,,,758,,,,3.130249751848169e-05,,1.8225717212772e-05,,0.9998688101768494,,9.59372118813917e-06,,1.0754974027804565e-05,,6.136325828265399e-05,v1
,0.0227432865649461,,,759,,,,2.907362068071961e-05,,1.6468731701024808e-05,,0.9998779296875,,8.571249054512009e-06,,9.5176083050319e-06,,5.848621003679e-05,v1
,0.0221292860805988,,,760,,,,3.050343002541922e-05,,1.856963172031101e-05,,0.9998664855957032,,9.693970241642091e-06,,1.120197612181073e-05,,6.357078382279724e-05,v1
,0.0215511079877614,,,761,,,,3.268596628913656e-05,,2.009709351113997e-05,,0.9998586177825928,,1.0420699254609644e-05,,1.2091404641978444e-05,,6.615850725211203e-05,v1
,0.0230414383113384,,,762,,,,3.423961970838718e-05,,1.9410399545449764e-05,,0.9998562335968018,,1.0572688552201726e-05,,1.1640035154414363e-05,,6.793937791371718e-05,v1
,0.0222871974110603,,,763,,,,2.7391542971599847e-05,,1.59631763381185e-05,,0.9998812079429626,,8.126499778882135e-06,,9.22288563742768e-06,,5.8051708037965e-05,v1
,0.0250213425606489,,,764,,,,3.048349390155636e-05,,1.7973736248677596e-05,,0.9998677968978882,,9.503392902843188e-06,,1.0584937626845203e-05,,6.360797124216333e-05,v1
0.0227365288883447,,44.0,0.0227365288883447,269,,,3.4748030884657055e-05,,2.078806392091792e-05,,0.9998528957366944,,1.1087560778832994e-05,,1.2210181921545882e-05,,6.819370173616335e-05,,v1
0.0070701134391129,,44.0,,269,0.0070701134391129,,5.9456924645928666e-05,,3.7269135646056384e-05,,0.9997448921203612,,1.952064485521987e-05,,2.233824307040777e-05,,0.000116575800348,,v1
,0.0224156100302934,,,765,,,,3.96542418457102e-05,,2.3523218260379508e-05,,0.9998375177383424,,1.3334651157492772e-05,,1.4006589481141418e-05,,7.187570008682087e-05,v1
,0.0229940135031938,,,766,,,,4.2636325815692544e-05,,2.65439557551872e-05,,0.9998210072517396,,1.4821533113718033e-05,,1.5124309356906451e-05,,7.979240035638213e-05,v1
,0.0247562360018491,,,767,,,,3.284930426161736e-05,,2.1847123207408004e-05,,0.9998563528060912,,1.056190740200691e-05,,1.2212045476189816e-05,,6.616937025683001e-05,v1
,0.0219700373709201,,,768,,,,2.816999221977312e-05,,1.5784371498739347e-05,,0.9998818039894104,,8.34794991533272e-06,,9.37886488827644e-06,,5.6539425713708624e-05,v1
,0.0239927861839532,,,769,,,,3.220469079678878e-05,,1.976901330635883e-05,,0.9998591542243958,,1.0035878403868992e-05,,1.1863315194204915e-05,,6.701578968204558e-05,v1
,0.0201857816427946,,,770,,,,4.011857527075336e-05,,2.3252887331182137e-05,,0.9998331665992736,,1.311909727519378e-05,,1.3940683857072145e-05,,7.637384987901896e-05,v1
,0.0206109881401062,,,771,,,,3.0483923183055595e-05,,1.7821281289798208e-05,,0.9998700618743896,,9.204803973261733e-06,,1.0175778697885107e-05,,6.222692172741517e-05,v1
,0.0210378170013427,,,772,,,,3.264670158387162e-05,,1.873130895546637e-05,,0.9998630285263062,,1.01483292382909e-05,,1.1125028322567232e-05,,6.431640940718353e-05,v1
,0.0245761331170797,,,773,,,,2.6403624360682443e-05,,1.5504123439313844e-05,,0.9998850226402284,,7.896973329479806e-06,,9.207604307448491e-06,,5.598845382337458e-05,v1
,0.0200990512967109,,,774,,,,3.544345963746309e-05,,2.059972030110657e-05,,0.9998540282249452,,1.1343701771693304e-05,,1.2222547411511188e-05,,6.640389619860798e-05,v1
,0.0244499668478965,,,775,,,,3.803816071012989e-05,,2.209038757428061e-05,,0.9998448491096495,,1.2465985491871834e-05,,1.2985854482394645e-05,,6.951513205422089e-05,v1
,0.0225793719291687,,,776,,,,3.188591290381737e-05,,1.8206181266577914e-05,,0.9998667240142822,,9.95290065475274e-06,,1.0582707545836456e-05,,6.263201794354245e-05,v1
,0.0230368133634328,,,777,,,,3.22330160997808e-05,,1.944832365552429e-05,,0.9998623132705688,,1.0505974387342576e-05,,1.1285805157967845e-05,,6.419631972676143e-05,v1
,0.0225572381168603,,,778,,,,2.8356669645290825e-05,,1.6530693756067194e-05,,0.9998767375946044,,8.493812856613658e-06,,9.698607755126432e-06,,6.014918108121492e-05,v1
,0.0233380403369665,,,779,,,,3.587153332773596e-05,,2.221685099357273e-05,,0.999846339225769,,1.1924134014407173e-05,,1.3205695722717792e-05,,7.043663936201483e-05,v1
,0.0217450782656669,,,780,,,,4.1691382648423314e-05,,2.607128226372879e-05,,0.999825119972229,,1.4336714230012149e-05,,1.538777542009484e-05,,7.746195478830487e-05,v1
,0.0256645325571298,,,781,,,,3.522007682477124e-05,,2.0546776795526966e-05,,0.999851644039154,,1.0930902135442013e-05,,1.2555461580632254e-05,,6.907888746354729e-05,v1
0.022706439718604,,45.0,0.0227064415812492,275,,,3.4347503969911486e-05,,2.0499262973316945e-05,,0.9998550415039062,,1.1025013918697368e-05,,1.2056392733938992e-05,,6.706895510433242e-05,,v1
0.0069416910409927,,45.0,,275,0.0069416910409927,,5.737650280934759e-05,,3.562193887773901e-05,,0.9997544884681702,,1.875772613857407e-05,,2.119702367053833e-05,,0.0001126750794355,,v1
,0.0204246211796998,,,782,,,,3.593664587242529e-05,,2.1573978301603347e-05,,0.999850571155548,,1.194282594951801e-05,,1.2594081454153638e-05,,6.742269761161879e-05,v1
,0.0222895108163356,,,783,,,,4.319386061979458e-05,,2.6460966182639822e-05,,0.9998182058334352,,1.4639960681961384e-05,,1.5098795302037615e-05,,8.233415428549051e-05,v1
,0.022437497973442,,,784,,,,2.728790423134342e-05,,1.6094218153739348e-05,,0.9998825192451476,,8.247628102253657e-06,,9.221588697982952e-06,,5.661591058014892e-05,v1
,0.0221936535090208,,,785,,,,3.240824298700318e-05,,2.0597408365574665e-05,,0.999859094619751,,1.0074010788230224e-05,,1.148080173152266e-05,,6.631436554016545e-05,v1
,0.0233474075794219,,,786,,,,2.893294731620699e-05,,1.5793008060427383e-05,,0.9998807311058044,,8.51653385325335e-06,,9.367186066810971e-06,,5.6604345445521176e-05,v1
,0.0214296411722898,,,787,,,,3.216923141735606e-05,,1.853091453085653e-05,,0.9998645186424256,,9.82614619715605e-06,,1.1163622730236966e-05,,6.378154648700729e-05,v1
,0.0234910324215888,,,788,,,,2.7648231480270624e-05,,1.6442347259726375e-05,,0.9998824596405028,,8.6812806330272e-06,,9.831597708398476e-06,,5.491294723469764e-05,v1
,0.0253368038684129,,,789,,,,2.9979280952829868e-05,,1.7474154446972534e-05,,0.9998714923858644,,9.465336006542202e-06,,1.0279525668011049e-05,,6.133268470875919e-05,v1
,0.0242022406309843,,,790,,,,2.9245064069982615e-05,,1.6190113456104882e-05,,0.9998794198036194,,9.21036371437367e-06,,9.303685146733189e-06,,5.662773037329316e-05,v1
,0.0223475564271211,,,791,,,,3.779884718824178e-05,,2.4646720703458413e-05,,0.9998384714126588,,1.2830736523028465e-05,,1.4706618458149023e-05,,7.151668251026422e-05,v1
,0.0220915116369724,,,792,,,,3.1488572858506814e-05,,1.7760186892701313e-05,,0.9998703002929688,,9.724541087052783e-06,,1.0114074029843325e-05,,6.057334758224897e-05,v1
,0.0214636456221342,,,793,,,,2.7319027140038088e-05,,1.6153840988408774e-05,,0.9998830556869508,,8.433562470600009e-06,,9.427002623851877e-06,,5.558578050113283e-05,v1
,0.0245455708354711,,,794,,,,3.3419437386328354e-05,,1.888963379315101e-05,,0.9998623132705688,,1.0290628779330293e-05,,1.1580066711758263e-05,,6.358674727380276e-05,v1
,0.0226312614977359,,,795,,,,2.6569581677904356e-05,,1.576179056428373e-05,,0.9998859167099,,7.901702701929025e-06,,9.372939530294389e-06,,5.4393578466260806e-05,v1
,0.0222489740699529,,,796,,,,4.166094731772319e-05,,2.600030529720243e-05,,0.999829351902008,,1.5100722521310672e-05,,1.4273223314376082e-05,,7.364089833572507e-05,v1
,0.0223822966217994,,,797,,,,3.3209409593837336e-05,,1.9193232219549827e-05,,0.9998592138290404,,1.0325761650165076e-05,,1.1756334060919473e-05,,6.625189416809008e-05,v1
,0.0226720441132783,,,798,,,,3.325352736283094e-05,,1.9778690329985693e-05,,0.999857485294342,,1.0421331353427377e-05,,1.1724880096153356e-05,,6.726651190547273e-05,v1
0.0226785447448492,,46.0,0.0226785447448492,281,,,3.2442396332044154e-05,,1.9255385268479586e-05,,0.9998632073402404,,1.0331357771065086e-05,,1.1252707736275624e-05,,6.34565731161274e-05,,v1
0.0068646436557173,,46.0,,281,0.0068646436557173,,5.761435750173405e-05,,3.571792694856413e-05,,0.9997540712356568,,1.8966704374179244e-05,,2.1290805307216942e-05,,0.0001122129760915,,v1
,0.0262784212827682,,,799,,,,3.0838476959615946e-05,,1.8342292605666444e-05,,0.9998713731765748,,9.805886293179356e-06,,1.0498243682377506e-05,,5.920753392274492e-05,v1
,0.023056149482727,,,800,,,,2.782886076602153e-05,,1.6199954188778065e-05,,0.9998799562454224,,8.511649866704829e-06,,9.293107723351568e-06,,5.819938814966008e-05,v1
,0.0232502073049545,,,801,,,,2.765964381978847e-05,,1.7877944628708065e-05,,0.9998790621757508,,8.324677764903754e-06,,9.658651833888143e-06,,5.7415854826103896e-05,v1
,0.0237824022769927,,,802,,,,3.1019470043247566e-05,,1.757655627443455e-05,,0.9998713731765748,,9.688093996373937e-06,,1.0247343197988812e-05,,6.010790093569085e-05,v1
,0.025424126535654,,,803,,,,2.935146403615363e-05,,1.726462141959928e-05,,0.9998753666877748,,9.250723451259546e-06,,1.0238334652967753e-05,,5.851153400726616e-05,v1
,0.02225012332201,,,804,,,,2.871622928068973e-05,,1.6910331396502443e-05,,0.9998770952224731,,8.850900485413149e-06,,9.93873800325673e-06,,5.850923116668128e-05,v1
,0.0221597850322723,,,805,,,,3.811518399743363e-05,,2.331151881662663e-05,,0.9998446702957152,,1.3009172107558696e-05,,1.395573235640768e-05,,6.690049485769123e-05,v1
,0.0213458258658647,,,806,,,,5.054325447417796e-05,,3.027448110515252e-05,,0.9997960925102234,,1.763317413860932e-05,,1.7701968317851424e-05,,8.778941264608875e-05,v1
,0.0225172769278287,,,807,,,,3.1205679988488555e-05,,1.787833753041923e-05,,0.9998676776885986,,9.6019948614412e-06,,1.0655663572833872e-05,,6.30045251455158e-05,v1
,0.0220166910439729,,,808,,,,3.053823456866667e-05,,1.834299473557621e-05,,0.9998670816421508,,9.502086868451444e-06,,1.0916131031990515e-05,,6.359349936246872e-05,v1
,0.0228474754840135,,,809,,,,2.959664197987877e-05,,1.7670050510787405e-05,,0.9998726844787598,,9.016490366775542e-06,,1.06056613731198e-05,,6.043794201104902e-05,v1
,0.0230653546750545,,,810,,,,2.9434932002914135e-05,,1.6933910956140608e-05,,0.9998759031295776,,8.97556765266927e-06,,1.0168774679186754e-05,,5.857196811120957e-05,v1
,0.0214268807321786,,,811,,,,3.3884709409903735e-05,,2.0104347640881315e-05,,0.9998620748519896,,1.111370602302486e-05,,1.1593636372708715e-05,,6.127004598965868e-05,v1
,0.0211177412420511,,,812,,,,4.067505142302253e-05,,2.584111825854052e-05,,0.9998258352279664,,1.3952168956166132e-05,,1.5048412933538202e-05,,7.864287181291729e-05,v1
,0.0222653876990079,,,813,,,,2.7977144782198596e-05,,1.707547198748216e-05,,0.999877631664276,,8.53240089782048e-06,,9.898147254716603e-06,,5.895647700526752e-05,v1
,0.0202781707048416,,,814,,,,3.380795897101052e-05,,1.929204518091865e-05,,0.9998600482940674,,1.0766891136881895e-05,,1.1562022336875089e-05,,6.44707033643499e-05,v1
,0.0219421759247779,,,815,,,,3.443012246862054e-05,,2.0361612769193016e-05,,0.999857783317566,,1.1157000699313356e-05,,1.2028237506456207e-05,,6.424925959436223e-05,v1
0.0226484797894954,,47.0,0.0226484816521406,287,,,3.268371074227616e-05,,1.9485742086544636e-05,,0.9998624324798584,,1.0452504284330644e-05,,1.1412283129175194e-05,,6.35199248790741e-05,,v1
0.0067536202259361,,47.0,,287,0.0067536202259361,,5.599550422630273e-05,,3.479219594737515e-05,,0.9997605085372924,,1.829132452257909e-05,,2.0704992493847385e-05,,0.0001098059947253,,v1
,0.0247943829745054,,,816,,,,3.246990672778338e-05,,1.8825254301191308e-05,,0.9998642802238464,,1.0156313692277765e-05,,1.1111329513369128e-05,,6.318413943517953e-05,v1
,0.0224136542528867,,,817,,,,2.848778422048781e-05,,1.7633527022553608e-05,,0.9998786449432372,,8.581747351854574e-06,,9.811856216401791e-06,,5.67710812902078e-05,v1
,0.022334361448884,,,818,,,,2.576337647042237e-05,,1.534829061711207e-05,,0.9998880624771118,,7.863896826165728e-06,,9.252671588910744e-06,,5.372287705540657e-05,v1
,0.0235512573271989,,,819,,,,2.8847704015788626e-05,,1.6282359865726903e-05,,0.9998809099197388,,8.892531695892103e-06,,9.372601198265327e-06,,5.569856148213148e-05,v1
,0.0231396239250898,,,820,,,,4.077161429449916e-05,,2.437901275698096e-05,,0.999836802482605,,1.406782575941179e-05,,1.4311684026324656e-05,,6.963052874198183e-05,v1
,0.0224940702319145,,,821,,,,2.535106978029944e-05,,1.4112714779912494e-05,,0.9998934268951416,,7.543923857156187e-06,,8.282424460048787e-06,,5.125651659909636e-05,v1
,0.0240311939269304,,,822,,,,3.422452573431656e-05,,1.9533177692210305e-05,,0.9998579025268556,,1.1045796782127582e-05,,1.2005293683614582e-05,,6.527047662530094e-05,v1
,0.0253876931965351,,,823,,,,2.724648584262468e-05,,1.5989950043149292e-05,,0.9998840093612672,,8.663460903335363e-06,,9.189442607748788e-06,,5.4949454352026805e-05,v1
,0.0188174806535244,,,824,,,,3.225708496756852e-05,,1.9811097445199263e-05,,0.9998602867126464,,1.0175886927754618e-05,,1.1614450158958787e-05,,6.586642848560587e-05,v1
,0.0229709204286336,,,825,,,,2.8490860131569207e-05,,1.6052254068199545e-05,,0.999880850315094,,8.70887470227899e-06,,9.493676770944148e-06,,5.646745557896793e-05,v1
,0.0212773513048887,,,826,,,,2.8126010874984783e-05,,1.6620217138552107e-05,,0.9998815059661864,,8.82087533682352e-06,,9.795006917556748e-06,,5.510970004252158e-05,v1
,0.0231170542538166,,,827,,,,3.591946006054059e-05,,2.166310150641948e-05,,0.999850869178772,,1.2258082279004157e-05,,1.2220752978464589e-05,,6.701578240608796e-05,v1
,0.0219465792179107,,,828,,,,3.319326424389146e-05,,1.983428592211567e-05,,0.9998607635498048,,1.0930749340332112e-05,,1.1454783816589044e-05,,6.384319567587227e-05,v1
,0.0231448411941528,,,829,,,,3.441765875322744e-05,,2.0627561752917245e-05,,0.9998564720153807,,1.1169800018251408e-05,,1.2302532923058608e-05,,6.501965981442481e-05,v1
,0.0210397467017173,,,830,,,,2.408377804385964e-05,,1.4113715224084444e-05,,0.9998956918716432,,7.102863492036704e-06,,8.444589184364304e-06,,5.056124064140022e-05,v1
,0.0214638225734233,,,831,,,,2.936723831226118e-05,,1.7528745956951752e-05,,0.9998780488967896,,9.401999705005435e-06,,1.002612589218188e-05,,5.564054663409479e-05,v1
,0.0238371901214122,,,832,,,,3.114701030426659e-05,,1.7835514881880954e-05,,0.9998708367347716,,9.759803106135225e-06,,1.0471676432644015e-05,,5.995236278977245e-05,v1
0.0226918347179889,,48.0,0.0226918365806341,293,,,3.059793380089104e-05,,1.8011223801295273e-05,,0.9998717308044434,,9.714378393255174e-06,,1.0538877177168615e-05,,5.940940900472924e-05,,v1
0.0066065024584531,,48.0,,293,0.0066065024584531,,5.5701701057842e-05,,3.458835635683499e-05,,0.9997621774673462,,1.8338974768994376e-05,,2.042689629888628e-05,,0.0001087991040549,,v1
,0.006806761957705,49.0,,299,,0.006806761957705,,6.598974869120866e-05,,4.47235579486005e-05,,0.9997124671936036,,2.374991163378581e-05,,2.668818706297316e-05,,0.00012639031047,v1
,0.021736741065979,,,833,,,,3.1554718589177355e-05,,1.6689284166204743e-05,,0.9998751878738404,,9.793358913157135e-06,,1.0062729415949434e-05,,5.667560617439449e-05,v1
,0.0242620334029197,,,834,,,,2.911451338150073e-05,,1.6882919226191007e-05,,0.9998795390129088,,9.31139675230952e-06,,9.930748092301656e-06,,5.525944288820028e-05,v1
,0.0234173648059368,,,835,,,,4.723205347545445e-05,,2.8935504815308377e-05,,0.9998071193695068,,1.6770987713243812e-05,,1.7233538528671488e-05,,8.272452396340668e-05,v1
,0.0226980615407228,,,836,,,,2.959873017971404e-05,,1.824650462367572e-05,,0.9998734593391418,,9.648177183407824e-06,,1.0199453754466958e-05,,5.887006045668386e-05,v1
,0.0210977457463741,,,837,,,,2.782768933684565e-05,,1.6258547475445084e-05,,0.999882698059082,,8.585117029724643e-06,,9.595621122571174e-06,,5.502196654560976e-05,v1
,0.0263368673622608,,,838,,,,3.329929313622415e-05,,1.9692866771947592e-05,,0.999858558177948,,1.0814390407176688e-05,,1.17094623419689e-05,,6.596131424885243e-05,v1
,0.0239613261073827,,,839,,,,2.551300531195011e-05,,1.4412616110348608e-05,,0.9998927116394044,,7.821331564628053e-06,,8.369081115233712e-06,,5.114110172144137e-05,v1
,0.0215143412351608,,,840,,,,2.560315260780044e-05,,1.4902668226568494e-05,,0.99988853931427,,7.88985471444903e-06,,9.0590474428609e-06,,5.399388464866206e-05,v1
,0.021993052214384,,,841,,,,3.023438694071956e-05,,1.8038837879430503e-05,,0.9998747706413268,,9.519559171167202e-06,,1.0548481441219336e-05,,5.691462865797803e-05,v1
,0.0238734520971775,,,842,,,,2.6881327357841656e-05,,1.4695198842673562e-05,,0.9998884797096252,,8.166683983290568e-06,,8.73239514476154e-06,,5.300905104377307e-05,v1
,0.0228316374123096,,,843,,,,2.6490524760447443e-05,,1.5629309928044677e-05,,0.9998862743377686,,8.138362318277359e-06,,9.0495559561532e-06,,5.445751594379544e-05,v1
,0.0238750986754894,,,844,,,,2.427704748697579e-05,,1.4426102097786496e-05,,0.99989652633667,,7.675714186916593e-06,,8.475297363474965e-06,,4.861180786974728e-05,v1
,0.0243655368685722,,,845,,,,2.514293737476692e-05,,1.444496047042776e-05,,0.999891996383667,,7.705441021244042e-06,,8.706905646249652e-06,,5.191442323848605e-05,v1
,0.0212756898254156,,,846,,,,2.7591962862061337e-05,,1.612571213627234e-05,,0.9998843669891356,,8.493039786117151e-06,,9.563214916852305e-06,,5.382490053307265e-05,v1
,0.0231248922646045,,,847,,,,2.4475673853885382e-05,,1.397090636601206e-05,,0.9998944997787476,,7.420552265102742e-06,,8.339757187059149e-06,,5.130104909767397e-05,v1
,0.0214542280882596,,,848,,,,3.302091499790549e-05,,2.168827995774336e-05,,0.9998592138290404,,1.0526020560064351e-05,,1.1943016943405382e-05,,6.360639963531867e-05,v1
,0.0230884123593568,,,849,,,,3.878770075971261e-05,,2.3202865122584623e-05,,0.999840259552002,,1.3222178495198024e-05,,1.3095834219711833e-05,,7.142337562981993e-05,v1
0.0229944996535778,,49.0,0.0229944996535778,299,,,2.980268618557602e-05,,1.7543710782774724e-05,,0.999875009059906,,9.500126907369122e-06,,1.0271419341734145e-05,,5.792418232886121e-05,,v1
0.0065392083488404,,49.0,,299,0.0065392083488404,,5.445248461910524e-05,,3.353279680595733e-05,,0.9997689723968506,,1.784132473403588e-05,,1.9909508409909904e-05,,0.0001053720334311,,v1
